2025-12-10 10:00:20 [restartedMain] INFO  com.tts.sms.SmsApplication - Starting SmsApplication using Java 22.0.2 with PID 11912 (D:\tts-sms\sms\target\classes started by KUNAL in D:\tts-sms\sms)
2025-12-10 10:00:20 [restartedMain] INFO  com.tts.sms.SmsApplication - The following 1 profile is active: "prod"
2025-12-10 10:00:21 [restartedMain] INFO  o.s.b.d.e.DevToolsPropertyDefaultsPostProcessor - Devtools property defaults active! Set 'spring.devtools.add-properties' to 'false' to disable
2025-12-10 10:00:21 [restartedMain] INFO  o.s.b.d.e.DevToolsPropertyDefaultsPostProcessor - For additional web related logging consider setting the 'logging.level.web' property to 'DEBUG'
2025-12-10 10:00:23 [restartedMain] INFO  o.s.d.r.c.RepositoryConfigurationDelegate - Bootstrapping Spring Data JPA repositories in DEFAULT mode.
2025-12-10 10:00:24 [restartedMain] INFO  o.s.d.r.c.RepositoryConfigurationDelegate - Finished Spring Data repository scanning in 383 ms. Found 23 JPA repository interfaces.
2025-12-10 10:00:26 [restartedMain] INFO  com.tts.sms.config.WebConfig - 🔒 HTTPS/SSL is ENABLED - Production mode
2025-12-10 10:00:26 [restartedMain] INFO  com.tts.sms.config.WebConfig - 🔧 Configuring MIME type mappings for production
2025-12-10 10:00:26 [restartedMain] INFO  com.tts.sms.config.WebConfig -  MIME type mappings configured for production with UTF-8
2025-12-10 10:00:27 [restartedMain] INFO  o.s.b.w.e.tomcat.TomcatWebServer - Tomcat initialized with port 8443 (https)
2025-12-10 10:00:27 [restartedMain] INFO  o.s.b.w.s.c.ServletWebServerApplicationContext - Root WebApplicationContext: initialization completed in 6414 ms
2025-12-10 10:00:27 [restartedMain] WARN  o.a.c.c.C.[Tomcat].[localhost].[/] - Cannot deserialize session attribute [SPRING_SECURITY_CONTEXT] for session [1223CDBEF174278435879D72FDFDC766]
2025-12-10 10:00:27 [restartedMain] ERROR o.a.catalina.session.StandardManager - Exception loading sessions from persistent storage
java.lang.ClassCastException: class java.io.ObjectStreamClass cannot be cast to class java.lang.String (java.io.ObjectStreamClass and java.lang.String are in module java.base of loader 'bootstrap')
	at java.base/java.io.ObjectInputStream.readTypeString(ObjectInputStream.java:1824)
	at java.base/java.io.ObjectStreamClass.readNonProxy(ObjectStreamClass.java:709)
	at java.base/java.io.ObjectInputStream.readClassDescriptor(ObjectInputStream.java:999)
	at java.base/java.io.ObjectInputStream.readNonProxyDesc(ObjectInputStream.java:2035)
	at java.base/java.io.ObjectInputStream.readClassDesc(ObjectInputStream.java:1912)
	at java.base/java.io.ObjectInputStream.readOrdinaryObject(ObjectInputStream.java:2237)
	at java.base/java.io.ObjectInputStream.readObject0(ObjectInputStream.java:1747)
	at java.base/java.io.ObjectInputStream.readObject(ObjectInputStream.java:525)
	at java.base/java.io.ObjectInputStream.readObject(ObjectInputStream.java:483)
	at org.apache.catalina.session.StandardSession.doReadObject(StandardSession.java:1415)
	at org.apache.catalina.session.StandardSession.readObjectData(StandardSession.java:985)
	at org.apache.catalina.session.StandardManager.doLoad(StandardManager.java:210)
	at org.apache.catalina.session.StandardManager.load(StandardManager.java:156)
	at org.apache.catalina.session.StandardManager.startInternal(StandardManager.java:346)
	at org.apache.catalina.util.LifecycleBase.start(LifecycleBase.java:171)
	at org.apache.catalina.core.StandardContext.startInternal(StandardContext.java:4877)
	at org.apache.catalina.util.LifecycleBase.start(LifecycleBase.java:171)
	at org.apache.catalina.core.ContainerBase$StartChild.call(ContainerBase.java:1332)
	at org.apache.catalina.core.ContainerBase$StartChild.call(ContainerBase.java:1322)
	at java.base/java.util.concurrent.FutureTask.run(FutureTask.java:317)
	at org.apache.tomcat.util.threads.InlineExecutorService.execute(InlineExecutorService.java:75)
	at java.base/java.util.concurrent.AbstractExecutorService.submit(AbstractExecutorService.java:145)
	at org.apache.catalina.core.ContainerBase.startInternal(ContainerBase.java:866)
	at org.apache.catalina.core.StandardHost.startInternal(StandardHost.java:845)
	at org.apache.catalina.util.LifecycleBase.start(LifecycleBase.java:171)
	at org.apache.catalina.core.ContainerBase$StartChild.call(ContainerBase.java:1332)
	at org.apache.catalina.core.ContainerBase$StartChild.call(ContainerBase.java:1322)
	at java.base/java.util.concurrent.FutureTask.run(FutureTask.java:317)
	at org.apache.tomcat.util.threads.InlineExecutorService.execute(InlineExecutorService.java:75)
	at java.base/java.util.concurrent.AbstractExecutorService.submit(AbstractExecutorService.java:145)
	at org.apache.catalina.core.ContainerBase.startInternal(ContainerBase.java:866)
	at org.apache.catalina.core.StandardEngine.startInternal(StandardEngine.java:240)
	at org.apache.catalina.util.LifecycleBase.start(LifecycleBase.java:171)
	at org.apache.catalina.core.StandardService.startInternal(StandardService.java:433)
	at org.apache.catalina.util.LifecycleBase.start(LifecycleBase.java:171)
	at org.apache.catalina.core.StandardServer.startInternal(StandardServer.java:917)
	at org.apache.catalina.util.LifecycleBase.start(LifecycleBase.java:171)
	at org.apache.catalina.startup.Tomcat.start(Tomcat.java:488)
	at org.springframework.boot.web.embedded.tomcat.TomcatWebServer.initialize(TomcatWebServer.java:123)
	at org.springframework.boot.web.embedded.tomcat.TomcatWebServer.<init>(TomcatWebServer.java:104)
	at org.springframework.boot.web.embedded.tomcat.TomcatServletWebServerFactory.getTomcatWebServer(TomcatServletWebServerFactory.java:501)
	at org.springframework.boot.web.embedded.tomcat.TomcatServletWebServerFactory.getWebServer(TomcatServletWebServerFactory.java:218)
	at org.springframework.boot.web.servlet.context.ServletWebServerApplicationContext.createWebServer(ServletWebServerApplicationContext.java:188)
	at org.springframework.boot.web.servlet.context.ServletWebServerApplicationContext.onRefresh(ServletWebServerApplicationContext.java:162)
	at org.springframework.context.support.AbstractApplicationContext.refresh(AbstractApplicationContext.java:610)
	at org.springframework.boot.web.servlet.context.ServletWebServerApplicationContext.refresh(ServletWebServerApplicationContext.java:146)
	at org.springframework.boot.SpringApplication.refresh(SpringApplication.java:753)
	at org.springframework.boot.SpringApplication.refreshContext(SpringApplication.java:455)
	at org.springframework.boot.SpringApplication.run(SpringApplication.java:323)
	at com.tts.sms.SmsApplication.main(SmsApplication.java:29)
	at java.base/jdk.internal.reflect.DirectMethodHandleAccessor.invoke(DirectMethodHandleAccessor.java:103)
	at java.base/java.lang.reflect.Method.invoke(Method.java:580)
	at org.springframework.boot.devtools.restart.RestartLauncher.run(RestartLauncher.java:50)
2025-12-10 10:00:30 [restartedMain] WARN  org.hibernate.orm.deprecation - HHH90000025: MariaDB103Dialect does not need to be specified explicitly using 'hibernate.dialect' (remove the property setting and it will be selected by default)
2025-12-10 10:00:30 [restartedMain] WARN  org.hibernate.orm.deprecation - HHH90000026: MariaDB103Dialect has been deprecated; use org.hibernate.dialect.MariaDBDialect instead
2025-12-10 10:00:30 [restartedMain] INFO  o.s.o.j.p.SpringPersistenceUnitInfo - No LoadTimeWeaver setup: ignoring JPA class transformer
2025-12-10 10:00:35 [restartedMain] INFO  o.s.o.j.LocalContainerEntityManagerFactoryBean - Initialized JPA EntityManagerFactory for persistence unit 'default'
2025-12-10 10:00:35 [restartedMain] INFO  c.tts.sms.config.ApplicationConfig - Application timezone set to: Asia/Kolkata (India Standard Time)
2025-12-10 10:00:35 [restartedMain] INFO  c.tts.sms.config.ApplicationConfig - Current time in IST: 2025-12-10T10:00:35.639604500+05:30[Asia/Kolkata]
2025-12-10 10:00:35 [restartedMain] INFO  c.tts.sms.config.ApplicationConfig - ===========================================
2025-12-10 10:00:35 [restartedMain] INFO  c.tts.sms.config.ApplicationConfig - Database Configuration:
2025-12-10 10:00:35 [restartedMain] INFO  c.tts.sms.config.ApplicationConfig - - Auto-create enabled: createDatabaseIfNotExist=true
2025-12-10 10:00:35 [restartedMain] INFO  c.tts.sms.config.ApplicationConfig - - Timezone: Asia/Kolkata (IST)
2025-12-10 10:00:35 [restartedMain] INFO  c.tts.sms.config.ApplicationConfig - - DDL Auto: update (will create tables automatically)
2025-12-10 10:00:35 [restartedMain] INFO  c.tts.sms.config.ApplicationConfig - ===========================================
2025-12-10 10:00:36 [restartedMain] INFO  o.s.d.j.r.query.QueryEnhancerFactory - Hibernate is in classpath; If applicable, HQL parser will be used.
2025-12-10 10:00:43 [restartedMain] INFO  c.tts.sms.service.FileStorageService - 📏 Max file size: 5242880 bytes (5MB)
2025-12-10 10:00:43 [restartedMain] INFO  c.tts.sms.service.FileStorageService - 📝 Allowed extensions: [jpg, jpeg, png, gif, webp]
2025-12-10 10:00:44 [restartedMain] INFO  c.t.s.c.ContentNegotiationConfig - 🔧 Configuring Content Negotiation for HTTPS Production
2025-12-10 10:00:44 [restartedMain] INFO  c.t.s.c.ContentNegotiationConfig - ✅ Content Negotiation configured for HTTPS production
2025-12-10 10:00:44 [restartedMain] INFO  com.tts.sms.config.SecurityConfig - Configuring security with FULL CSRF protection…
2025-12-10 10:00:44 [restartedMain] INFO  com.tts.sms.config.SecurityConfig - Configuring CORS with allowed origins: https://team.ttsnashik.com,https://www.ttsnashik.com
2025-12-10 10:00:44 [restartedMain] INFO  c.t.s.c.ContentNegotiationConfig - ✅ Path matching configured for production
2025-12-10 10:00:44 [restartedMain] INFO  c.t.sms.config.SecurityHeadersConfig - ✅ Security headers interceptor registered (SSL: true)
2025-12-10 10:00:44 [restartedMain] INFO  com.tts.sms.config.WebConfig - 🌐 Configuring CORS for production
2025-12-10 10:00:44 [restartedMain] INFO  com.tts.sms.config.WebConfig -  CORS configured for /api/** endpoints
2025-12-10 10:00:45 [restartedMain] INFO  com.tts.sms.config.WebConfig - 📦 Configuring resource handlers for HTTPS production
2025-12-10 10:00:45 [restartedMain] INFO  com.tts.sms.config.WebConfig -  Resource handlers configured with Google Analytics support
2025-12-10 10:00:45 [restartedMain] INFO  com.tts.sms.config.WebConfig -  Resource handlers configured for production
2025-12-10 10:00:45 [restartedMain] INFO  com.tts.sms.config.WebConfig -  Course images: D:\tts-sms\sms\.\uploads\courses
2025-12-10 10:00:45 [restartedMain] INFO  com.tts.sms.config.WebConfig -  CSV uploads: D:\tts-sms\sms\.\uploads\csv
2025-12-10 10:00:45 [restartedMain] INFO  o.s.s.w.a.c.ChannelProcessingFilter - Validated configuration attributes
2025-12-10 10:00:45 [restartedMain] INFO  o.s.s.web.DefaultSecurityFilterChain - Will secure any request with [org.springframework.security.web.session.DisableEncodeUrlFilter@6be31140, org.springframework.security.web.access.channel.ChannelProcessingFilter@1e37a70, org.springframework.security.web.context.request.async.WebAsyncManagerIntegrationFilter@fadfe1a, org.springframework.security.web.context.SecurityContextHolderFilter@233619a, org.springframework.security.web.header.HeaderWriterFilter@650b44d3, org.springframework.web.filter.CorsFilter@691e48f, org.springframework.security.web.csrf.CsrfFilter@215fc337, org.springframework.security.web.authentication.logout.LogoutFilter@7a66e630, org.springframework.security.web.authentication.UsernamePasswordAuthenticationFilter@537ea02e, org.springframework.security.web.savedrequest.RequestCacheAwareFilter@5a9536fb, org.springframework.security.web.servletapi.SecurityContextHolderAwareRequestFilter@6adbb023, org.springframework.security.web.authentication.AnonymousAuthenticationFilter@39c8cfe3, org.springframework.security.web.session.SessionManagementFilter@5d03a37b, org.springframework.security.web.access.ExceptionTranslationFilter@2e31df5e, org.springframework.security.web.access.intercept.AuthorizationFilter@4735601f]
2025-12-10 10:00:46 [restartedMain] INFO  o.s.b.d.a.OptionalLiveReloadServer - LiveReload server is running on port 35729
2025-12-10 10:00:47 [restartedMain] INFO  o.s.b.w.e.tomcat.TomcatWebServer - Tomcat started on port 8443 (https) with context path ''
2025-12-10 10:00:47 [restartedMain] INFO  com.tts.sms.SmsApplication - Started SmsApplication in 29.244 seconds (process running for 30.998)
2025-12-10 10:00:47 [restartedMain] INFO  com.tts.sms.config.CourseDataLoader - ✅ Courses already exist in database. Skipping data initialization.
2025-12-10 10:00:47 [restartedMain] INFO  c.t.sms.config.LeadSourceDataLoader - Lead source data already exists. Skipping default data load.
2025-12-10 10:00:47 [restartedMain] INFO  com.tts.sms.config.BankDataLoader - Bank data already exists. Skipping default data load.
2025-12-10 10:00:47 [restartedMain] INFO  com.tts.sms.config.DataLoader -  Super Admin already exists
2025-12-10 10:00:47 [restartedMain] INFO  com.tts.sms.config.UserDataLoader - ✅ Default admin user already exists
2025-12-10 10:00:47 [restartedMain] INFO  com.tts.sms.SmsApplication - 
------------------------------------------------------------
   Application 'tts-sms' is running!
   Local:      http://localhost:8443
   External:   http://172.27.224.1:8443
   Active Profiles: prod
------------------------------------------------------------
2025-12-10 10:17:34 [https-jsse-nio-8443-exec-3] WARN  o.s.w.s.h.HandlerMappingIntrospector - Cache miss for REQUEST dispatch to '/assets/images/tts-logo-ev.png' (previous null). Performing MatchableHandlerMapping lookup. This is logged once only at WARN level, and every time at TRACE.
2025-12-10 10:19:55 [https-jsse-nio-8443-exec-2] INFO  c.t.sms.controller.LayoutController - 🔑 Loading permissions for user: admin (Role: SUPER_ADMIN)
2025-12-10 10:19:55 [https-jsse-nio-8443-exec-2] INFO  c.t.sms.controller.LayoutController - 📋 Found 15 employee-specific permissions
2025-12-10 10:19:55 [https-jsse-nio-8443-exec-2] INFO  c.t.sms.controller.LayoutController - 👥 Found 15 role-based permissions
2025-12-10 10:19:55 [https-jsse-nio-8443-exec-2] INFO  c.t.sms.controller.LayoutController - ✅ User has access to 15 menus: [1, 2, 3, 4, 5, 6, 7, 8, 9, 10, 11, 12, 13, 14, 15]
2025-12-10 10:19:57 [https-jsse-nio-8443-exec-2] INFO  c.tts.sms.service.DashboardService -  Total Fees: New Students (REG*): ₹34250.0, Old Students: ₹7.0871346E7, Total: ₹7.0905596E7
2025-12-10 10:20:00 [https-jsse-nio-8443-exec-10] INFO  c.t.s.c.DashboardRestController - GET /api/dashboard/stats
2025-12-10 10:20:00 [https-jsse-nio-8443-exec-4] INFO  c.t.s.c.DashboardRestController - GET /api/dashboard/revenue-chart - period: 6M
2025-12-10 10:20:00 [https-jsse-nio-8443-exec-9] INFO  c.t.s.c.DashboardRestController - GET /api/dashboard/course-distribution
2025-12-10 10:20:00 [https-jsse-nio-8443-exec-4] INFO  c.tts.sms.service.DashboardService -  Revenue chart for 6M: 7 data points, Total: ₹6408750.0 (New: 1, Old: 805)
2025-12-10 10:20:02 [https-jsse-nio-8443-exec-9] INFO  c.tts.sms.service.DashboardService - Course distribution: 10 courses found
2025-12-10 10:20:02 [https-jsse-nio-8443-exec-10] INFO  c.tts.sms.service.DashboardService -  Total Fees: New Students (REG*): ₹34250.0, Old Students: ₹7.0871346E7, Total: ₹7.0905596E7
2025-12-10 10:20:08 [https-jsse-nio-8443-exec-1] INFO  c.t.sms.controller.LayoutController - 🔑 Loading permissions for user: admin (Role: SUPER_ADMIN)
2025-12-10 10:20:08 [https-jsse-nio-8443-exec-1] INFO  c.t.sms.controller.LayoutController - 📋 Found 15 employee-specific permissions
2025-12-10 10:20:08 [https-jsse-nio-8443-exec-1] INFO  c.t.sms.controller.LayoutController - 👥 Found 15 role-based permissions
2025-12-10 10:20:08 [https-jsse-nio-8443-exec-1] INFO  c.t.sms.controller.LayoutController - ✅ User has access to 15 menus: [1, 2, 3, 4, 5, 6, 7, 8, 9, 10, 11, 12, 13, 14, 15]
2025-12-10 10:20:14 [https-jsse-nio-8443-exec-7] INFO  c.t.sms.controller.LayoutController - 🔑 Loading permissions for user: admin (Role: SUPER_ADMIN)
2025-12-10 10:20:14 [https-jsse-nio-8443-exec-7] INFO  c.t.sms.controller.LayoutController - 📋 Found 15 employee-specific permissions
2025-12-10 10:20:14 [https-jsse-nio-8443-exec-7] INFO  c.t.sms.controller.LayoutController - 👥 Found 15 role-based permissions
2025-12-10 10:20:14 [https-jsse-nio-8443-exec-7] INFO  c.t.sms.controller.LayoutController - ✅ User has access to 15 menus: [1, 2, 3, 4, 5, 6, 7, 8, 9, 10, 11, 12, 13, 14, 15]
2025-12-10 10:20:15 [https-jsse-nio-8443-exec-7] INFO  c.tts.sms.service.DashboardService -  Total Fees: New Students (REG*): ₹34250.0, Old Students: ₹7.0871346E7, Total: ₹7.0905596E7
2025-12-10 10:20:15 [https-jsse-nio-8443-exec-6] INFO  c.t.s.c.DashboardRestController - GET /api/dashboard/stats
2025-12-10 10:20:15 [https-jsse-nio-8443-exec-1] INFO  c.t.s.c.DashboardRestController - GET /api/dashboard/revenue-chart - period: 6M
2025-12-10 10:20:15 [https-jsse-nio-8443-exec-9] INFO  c.t.s.c.DashboardRestController - GET /api/dashboard/course-distribution
2025-12-10 10:20:15 [https-jsse-nio-8443-exec-1] INFO  c.tts.sms.service.DashboardService -  Revenue chart for 6M: 7 data points, Total: ₹6408750.0 (New: 1, Old: 805)
2025-12-10 10:20:16 [https-jsse-nio-8443-exec-9] INFO  c.tts.sms.service.DashboardService - Course distribution: 10 courses found
2025-12-10 10:20:16 [https-jsse-nio-8443-exec-6] INFO  c.tts.sms.service.DashboardService -  Total Fees: New Students (REG*): ₹34250.0, Old Students: ₹7.0871346E7, Total: ₹7.0905596E7
2025-12-10 10:20:27 [https-jsse-nio-8443-exec-3] INFO  c.t.sms.controller.LayoutController - 🔑 Loading permissions for user: admin (Role: SUPER_ADMIN)
2025-12-10 10:20:27 [https-jsse-nio-8443-exec-3] INFO  c.t.sms.controller.LayoutController - 📋 Found 15 employee-specific permissions
2025-12-10 10:20:27 [https-jsse-nio-8443-exec-3] INFO  c.t.sms.controller.LayoutController - 👥 Found 15 role-based permissions
2025-12-10 10:20:27 [https-jsse-nio-8443-exec-3] INFO  c.t.sms.controller.LayoutController - ✅ User has access to 15 menus: [1, 2, 3, 4, 5, 6, 7, 8, 9, 10, 11, 12, 13, 14, 15]
2025-12-10 10:20:28 [https-jsse-nio-8443-exec-10] INFO  c.t.s.s.AdmissionEnhancedService - Fetching active packages with courses
2025-12-10 10:20:28 [https-jsse-nio-8443-exec-7] INFO  c.t.s.s.AdmissionEnhancedService - Fetching active courses
2025-12-10 10:20:29 [https-jsse-nio-8443-exec-5] INFO  c.tts.sms.service.AdmissionService - Retrieved 25 admissions out of 7017 total
2025-12-10 10:20:33 [https-jsse-nio-8443-exec-8] INFO  c.tts.sms.service.AdmissionService - Retrieved admission: Kunal  Patil
2025-12-10 10:20:39 [https-jsse-nio-8443-exec-4] INFO  c.t.sms.controller.LayoutController - 🔑 Loading permissions for user: admin (Role: SUPER_ADMIN)
2025-12-10 10:20:39 [https-jsse-nio-8443-exec-4] INFO  c.t.sms.controller.LayoutController - 📋 Found 15 employee-specific permissions
2025-12-10 10:20:39 [https-jsse-nio-8443-exec-4] INFO  c.t.sms.controller.LayoutController - 👥 Found 15 role-based permissions
2025-12-10 10:20:39 [https-jsse-nio-8443-exec-4] INFO  c.t.sms.controller.LayoutController - ✅ User has access to 15 menus: [1, 2, 3, 4, 5, 6, 7, 8, 9, 10, 11, 12, 13, 14, 15]
2025-12-10 10:20:39 [https-jsse-nio-8443-exec-9] INFO  c.t.s.c.OnlinePaymentModeController - REST request to get active payment modes
2025-12-10 10:20:39 [https-jsse-nio-8443-exec-9] INFO  c.t.s.s.OnlinePaymentModeService - Fetching active payment modes
2025-12-10 10:20:39 [https-jsse-nio-8443-exec-1] INFO  c.t.s.c.FeesManagerController - GET /api/fees-manager - page: 0, size: 100000
2025-12-10 10:20:39 [https-jsse-nio-8443-exec-2] INFO  c.t.s.s.AdmissionEnhancedService - Fetching active courses
2025-12-10 10:20:43 [https-jsse-nio-8443-exec-7] INFO  c.t.sms.controller.LayoutController - 🔑 Loading permissions for user: admin (Role: SUPER_ADMIN)
2025-12-10 10:20:43 [https-jsse-nio-8443-exec-7] INFO  c.t.sms.controller.LayoutController - 📋 Found 15 employee-specific permissions
2025-12-10 10:20:43 [https-jsse-nio-8443-exec-7] INFO  c.t.sms.controller.LayoutController - 👥 Found 15 role-based permissions
2025-12-10 10:20:43 [https-jsse-nio-8443-exec-7] INFO  c.t.sms.controller.LayoutController - ✅ User has access to 15 menus: [1, 2, 3, 4, 5, 6, 7, 8, 9, 10, 11, 12, 13, 14, 15]
2025-12-10 10:20:44 [https-jsse-nio-8443-exec-5] INFO  c.t.s.s.AdmissionEnhancedService - Fetching active packages with courses
2025-12-10 10:20:44 [https-jsse-nio-8443-exec-9] INFO  c.t.s.s.AdmissionEnhancedService - Fetching active courses
2025-12-10 10:20:44 [https-jsse-nio-8443-exec-6] INFO  c.tts.sms.service.AdmissionService - Retrieved 25 admissions out of 7017 total
2025-12-10 10:21:56 [https-jsse-nio-8443-exec-6] INFO  c.t.s.controller.AdmissionController - GET /api/admissions/export
2025-12-10 10:21:56 [https-jsse-nio-8443-exec-6] INFO  c.tts.sms.service.AdmissionService - Fetching all admissions for export with fees data
2025-12-10 10:25:31 [https-jsse-nio-8443-exec-6] INFO  c.t.s.controller.AdmissionController - POST /api/admissions/bulk-import-json - 5 records
2025-12-10 10:25:31 [https-jsse-nio-8443-exec-6] INFO  c.tts.sms.service.AdmissionService - 🔄 EXACT IMPORT: Processing 5 records
2025-12-10 10:25:31 [https-jsse-nio-8443-exec-6] INFO  c.tts.sms.service.AdmissionService -  Row 2: Saved (isNew=false, Mobile: 9876543210, Reg: 18001)
2025-12-10 10:25:31 [https-jsse-nio-8443-exec-6] INFO  c.tts.sms.service.AdmissionService -  Row 3: Saved (isNew=false, Mobile: 9123456789, Reg: 18002)
2025-12-10 10:25:31 [https-jsse-nio-8443-exec-6] INFO  c.tts.sms.service.AdmissionService -  Row 4: Saved (isNew=false, Mobile: 8765432109, Reg: 18003)
2025-12-10 10:25:32 [https-jsse-nio-8443-exec-6] INFO  c.tts.sms.service.AdmissionService -  Row 5: Saved (isNew=false, Mobile: 7654321098, Reg: 18004)
2025-12-10 10:25:32 [https-jsse-nio-8443-exec-6] INFO  c.tts.sms.service.AdmissionService -  Row 6: Saved (isNew=false, Mobile: 9988776655, Reg: 18005)
2025-12-10 10:25:32 [https-jsse-nio-8443-exec-6] INFO  c.tts.sms.service.AdmissionService - 📊 IMPORT RESULT: 5/5 saved (0 warnings, 0 failed)
2025-12-10 10:25:32 [https-jsse-nio-8443-exec-7] INFO  c.tts.sms.service.AdmissionService - Retrieved 25 admissions out of 7022 total
2025-12-10 10:26:01 [https-jsse-nio-8443-exec-10] INFO  c.tts.sms.service.AdmissionService - Soft deleted admission with id: 7021
2025-12-10 10:26:01 [https-jsse-nio-8443-exec-1] INFO  c.tts.sms.service.AdmissionService - Retrieved 25 admissions out of 7021 total
2025-12-10 10:31:30 [https-jsse-nio-8443-exec-1] INFO  c.tts.sms.service.AdmissionService - Retrieved admission: Test Vikram Deshmukh
2025-12-10 10:32:37 [https-jsse-nio-8443-exec-6] INFO  c.t.sms.controller.LayoutController - 🔑 Loading permissions for user: admin (Role: SUPER_ADMIN)
2025-12-10 10:32:37 [https-jsse-nio-8443-exec-6] INFO  c.t.sms.controller.LayoutController - 📋 Found 15 employee-specific permissions
2025-12-10 10:32:37 [https-jsse-nio-8443-exec-6] INFO  c.t.sms.controller.LayoutController - 👥 Found 15 role-based permissions
2025-12-10 10:32:37 [https-jsse-nio-8443-exec-6] INFO  c.t.sms.controller.LayoutController - ✅ User has access to 15 menus: [1, 2, 3, 4, 5, 6, 7, 8, 9, 10, 11, 12, 13, 14, 15]
2025-12-10 10:32:38 [https-jsse-nio-8443-exec-10] INFO  c.t.sms.controller.EnquiryController - GET /api/enquiries - page: 0, size: 25
2025-12-10 10:32:38 [https-jsse-nio-8443-exec-10] INFO  com.tts.sms.service.EnquiryService - Retrieved 25 enquiries out of 2000 total
2025-12-10 10:33:02 [https-jsse-nio-8443-exec-10] INFO  c.t.sms.controller.EnquiryController - GET /api/enquiries/3
2025-12-10 10:33:02 [https-jsse-nio-8443-exec-10] INFO  com.tts.sms.service.EnquiryService - Retrieved enquiry: Shruti  NA
2025-12-10 10:35:42 [https-jsse-nio-8443-exec-7] INFO  c.t.sms.controller.EnquiryController - POST /api/enquiries/bulk-import-json - 5 records, source: OLD_FORMAT
2025-12-10 10:35:42 [https-jsse-nio-8443-exec-7] INFO  com.tts.sms.service.EnquiryService - 🚀 STRICT IMPORT: 5 records
2025-12-10 10:35:42 [https-jsse-nio-8443-exec-7] INFO  com.tts.sms.service.EnquiryService - ✅ MODE: Import ALL - No validation, no modification
2025-12-10 10:35:42 [https-jsse-nio-8443-exec-7] INFO  com.tts.sms.service.EnquiryService - 📊 ==================== IMPORT COMPLETE ====================
2025-12-10 10:35:42 [https-jsse-nio-8443-exec-7] INFO  com.tts.sms.service.EnquiryService -    Total Records: 5
2025-12-10 10:35:42 [https-jsse-nio-8443-exec-7] INFO  com.tts.sms.service.EnquiryService -    ✅ Imported: 5
2025-12-10 10:35:42 [https-jsse-nio-8443-exec-7] INFO  com.tts.sms.service.EnquiryService -    🔄 Duplicates Handled: 0
2025-12-10 10:35:42 [https-jsse-nio-8443-exec-7] INFO  com.tts.sms.service.EnquiryService -    ❌ Failed: 0
2025-12-10 10:35:42 [https-jsse-nio-8443-exec-7] INFO  com.tts.sms.service.EnquiryService -    📈 Success Rate: 100%
2025-12-10 10:35:42 [https-jsse-nio-8443-exec-7] INFO  com.tts.sms.service.EnquiryService - ==========================================================
2025-12-10 10:35:42 [https-jsse-nio-8443-exec-10] INFO  c.t.sms.controller.EnquiryController - GET /api/enquiries - page: 0, size: 25
2025-12-10 10:35:42 [https-jsse-nio-8443-exec-10] INFO  com.tts.sms.service.EnquiryService - Retrieved 25 enquiries out of 2005 total
2025-12-10 10:37:47 [https-jsse-nio-8443-exec-4] INFO  c.t.sms.controller.LayoutController - 🔑 Loading permissions for user: admin (Role: SUPER_ADMIN)
2025-12-10 10:37:47 [https-jsse-nio-8443-exec-4] INFO  c.t.sms.controller.LayoutController - 📋 Found 15 employee-specific permissions
2025-12-10 10:37:47 [https-jsse-nio-8443-exec-4] INFO  c.t.sms.controller.LayoutController - 👥 Found 15 role-based permissions
2025-12-10 10:37:47 [https-jsse-nio-8443-exec-4] INFO  c.t.sms.controller.LayoutController - ✅ User has access to 15 menus: [1, 2, 3, 4, 5, 6, 7, 8, 9, 10, 11, 12, 13, 14, 15]
2025-12-10 10:37:50 [https-jsse-nio-8443-exec-5] INFO  c.t.sms.controller.LayoutController - 🔑 Loading permissions for user: admin (Role: SUPER_ADMIN)
2025-12-10 10:37:50 [https-jsse-nio-8443-exec-5] INFO  c.t.sms.controller.LayoutController - 📋 Found 15 employee-specific permissions
2025-12-10 10:37:50 [https-jsse-nio-8443-exec-5] INFO  c.t.sms.controller.LayoutController - 👥 Found 15 role-based permissions
2025-12-10 10:37:50 [https-jsse-nio-8443-exec-5] INFO  c.t.sms.controller.LayoutController - ✅ User has access to 15 menus: [1, 2, 3, 4, 5, 6, 7, 8, 9, 10, 11, 12, 13, 14, 15]
2025-12-10 10:37:51 [https-jsse-nio-8443-exec-7] INFO  c.t.s.c.OnlinePaymentModeController - REST request to get all payment modes
2025-12-10 10:37:51 [https-jsse-nio-8443-exec-7] INFO  c.t.s.s.OnlinePaymentModeService - Fetching all payment modes
2025-12-10 10:38:05 [https-jsse-nio-8443-exec-2] INFO  c.t.s.c.OnlinePaymentModeController - REST request to update payment mode with ID: 2
2025-12-10 10:38:05 [https-jsse-nio-8443-exec-2] INFO  c.t.s.s.OnlinePaymentModeService - Updating payment mode with ID: 2
2025-12-10 10:38:05 [https-jsse-nio-8443-exec-2] INFO  c.t.s.s.OnlinePaymentModeService - Payment mode updated successfully with ID: 2
2025-12-10 10:38:05 [https-jsse-nio-8443-exec-5] INFO  c.t.s.c.OnlinePaymentModeController - REST request to get all payment modes
2025-12-10 10:38:05 [https-jsse-nio-8443-exec-5] INFO  c.t.s.s.OnlinePaymentModeService - Fetching all payment modes
2025-12-10 10:38:22 [https-jsse-nio-8443-exec-8] INFO  c.t.sms.controller.LayoutController - 🔑 Loading permissions for user: admin (Role: SUPER_ADMIN)
2025-12-10 10:38:22 [https-jsse-nio-8443-exec-8] INFO  c.t.sms.controller.LayoutController - 📋 Found 15 employee-specific permissions
2025-12-10 10:38:22 [https-jsse-nio-8443-exec-8] INFO  c.t.sms.controller.LayoutController - 👥 Found 15 role-based permissions
2025-12-10 10:38:22 [https-jsse-nio-8443-exec-8] INFO  c.t.sms.controller.LayoutController - ✅ User has access to 15 menus: [1, 2, 3, 4, 5, 6, 7, 8, 9, 10, 11, 12, 13, 14, 15]
2025-12-10 10:38:22 [https-jsse-nio-8443-exec-10] INFO  c.t.s.c.OnlinePaymentModeController - REST request to get all payment modes
2025-12-10 10:38:22 [https-jsse-nio-8443-exec-10] INFO  c.t.s.s.OnlinePaymentModeService - Fetching all payment modes
2025-12-10 10:38:26 [https-jsse-nio-8443-exec-2] INFO  c.t.sms.controller.LayoutController - 🔑 Loading permissions for user: admin (Role: SUPER_ADMIN)
2025-12-10 10:38:26 [https-jsse-nio-8443-exec-2] INFO  c.t.sms.controller.LayoutController - 📋 Found 15 employee-specific permissions
2025-12-10 10:38:26 [https-jsse-nio-8443-exec-2] INFO  c.t.sms.controller.LayoutController - 👥 Found 15 role-based permissions
2025-12-10 10:38:26 [https-jsse-nio-8443-exec-2] INFO  c.t.sms.controller.LayoutController - ✅ User has access to 15 menus: [1, 2, 3, 4, 5, 6, 7, 8, 9, 10, 11, 12, 13, 14, 15]
2025-12-10 10:39:44 [https-jsse-nio-8443-exec-6] INFO  com.tts.sms.service.PackageService - Package created successfully: Full Stack Web Development
2025-12-10 10:40:45 [https-jsse-nio-8443-exec-10] INFO  com.tts.sms.service.PackageService - Package updated successfully: Full Stack Java Development
2025-12-10 10:41:26 [https-jsse-nio-8443-exec-6] ERROR c.t.s.c.PackageRestController - Error creating package
java.lang.RuntimeException: Package name already exists: Full Stack Java Development
	at com.tts.sms.service.PackageService.createPackage(PackageService.java:68)
	at java.base/jdk.internal.reflect.DirectMethodHandleAccessor.invoke(DirectMethodHandleAccessor.java:103)
	at java.base/java.lang.reflect.Method.invoke(Method.java:580)
	at org.springframework.aop.support.AopUtils.invokeJoinpointUsingReflection(AopUtils.java:352)
	at org.springframework.aop.framework.ReflectiveMethodInvocation.invokeJoinpoint(ReflectiveMethodInvocation.java:196)
	at org.springframework.aop.framework.ReflectiveMethodInvocation.proceed(ReflectiveMethodInvocation.java:163)
	at org.springframework.aop.framework.CglibAopProxy$CglibMethodInvocation.proceed(CglibAopProxy.java:765)
	at org.springframework.transaction.interceptor.TransactionInterceptor$1.proceedWithInvocation(TransactionInterceptor.java:123)
	at org.springframework.transaction.interceptor.TransactionAspectSupport.invokeWithinTransaction(TransactionAspectSupport.java:385)
	at org.springframework.transaction.interceptor.TransactionInterceptor.invoke(TransactionInterceptor.java:119)
	at org.springframework.aop.framework.ReflectiveMethodInvocation.proceed(ReflectiveMethodInvocation.java:184)
	at org.springframework.aop.framework.CglibAopProxy$CglibMethodInvocation.proceed(CglibAopProxy.java:765)
	at org.springframework.aop.framework.CglibAopProxy$DynamicAdvisedInterceptor.intercept(CglibAopProxy.java:717)
	at com.tts.sms.service.PackageService$$SpringCGLIB$$0.createPackage(<generated>)
	at com.tts.sms.controller.PackageRestController.createPackage(PackageRestController.java:88)
	at java.base/jdk.internal.reflect.DirectMethodHandleAccessor.invoke(DirectMethodHandleAccessor.java:103)
	at java.base/java.lang.reflect.Method.invoke(Method.java:580)
	at org.springframework.web.method.support.InvocableHandlerMethod.doInvoke(InvocableHandlerMethod.java:254)
	at org.springframework.web.method.support.InvocableHandlerMethod.invokeForRequest(InvocableHandlerMethod.java:182)
	at org.springframework.web.servlet.mvc.method.annotation.ServletInvocableHandlerMethod.invokeAndHandle(ServletInvocableHandlerMethod.java:118)
	at org.springframework.web.servlet.mvc.method.annotation.RequestMappingHandlerAdapter.invokeHandlerMethod(RequestMappingHandlerAdapter.java:917)
	at org.springframework.web.servlet.mvc.method.annotation.RequestMappingHandlerAdapter.handleInternal(RequestMappingHandlerAdapter.java:829)
	at org.springframework.web.servlet.mvc.method.AbstractHandlerMethodAdapter.handle(AbstractHandlerMethodAdapter.java:87)
	at org.springframework.web.servlet.DispatcherServlet.doDispatch(DispatcherServlet.java:1089)
	at org.springframework.web.servlet.DispatcherServlet.doService(DispatcherServlet.java:979)
	at org.springframework.web.servlet.FrameworkServlet.processRequest(FrameworkServlet.java:1014)
	at org.springframework.web.servlet.FrameworkServlet.doPost(FrameworkServlet.java:914)
	at jakarta.servlet.http.HttpServlet.service(HttpServlet.java:590)
	at org.springframework.web.servlet.FrameworkServlet.service(FrameworkServlet.java:885)
	at jakarta.servlet.http.HttpServlet.service(HttpServlet.java:658)
	at org.apache.catalina.core.ApplicationFilterChain.internalDoFilter(ApplicationFilterChain.java:205)
	at org.apache.catalina.core.ApplicationFilterChain.doFilter(ApplicationFilterChain.java:149)
	at org.apache.tomcat.websocket.server.WsFilter.doFilter(WsFilter.java:51)
	at org.apache.catalina.core.ApplicationFilterChain.internalDoFilter(ApplicationFilterChain.java:174)
	at org.apache.catalina.core.ApplicationFilterChain.doFilter(ApplicationFilterChain.java:149)
	at org.springframework.web.servlet.resource.ResourceUrlEncodingFilter.doFilter(ResourceUrlEncodingFilter.java:66)
	at org.apache.catalina.core.ApplicationFilterChain.internalDoFilter(ApplicationFilterChain.java:174)
	at org.apache.catalina.core.ApplicationFilterChain.doFilter(ApplicationFilterChain.java:149)
	at org.springframework.security.web.FilterChainProxy.lambda$doFilterInternal$3(FilterChainProxy.java:231)
	at org.springframework.security.web.FilterChainProxy$VirtualFilterChain.doFilter(FilterChainProxy.java:365)
	at org.springframework.security.web.access.intercept.AuthorizationFilter.doFilter(AuthorizationFilter.java:100)
	at org.springframework.security.web.FilterChainProxy$VirtualFilterChain.doFilter(FilterChainProxy.java:374)
	at org.springframework.security.web.access.ExceptionTranslationFilter.doFilter(ExceptionTranslationFilter.java:126)
	at org.springframework.security.web.access.ExceptionTranslationFilter.doFilter(ExceptionTranslationFilter.java:120)
	at org.springframework.security.web.FilterChainProxy$VirtualFilterChain.doFilter(FilterChainProxy.java:374)
	at org.springframework.security.web.session.SessionManagementFilter.doFilter(SessionManagementFilter.java:131)
	at org.springframework.security.web.session.SessionManagementFilter.doFilter(SessionManagementFilter.java:85)
	at org.springframework.security.web.FilterChainProxy$VirtualFilterChain.doFilter(FilterChainProxy.java:374)
	at org.springframework.security.web.authentication.AnonymousAuthenticationFilter.doFilter(AnonymousAuthenticationFilter.java:100)
	at org.springframework.security.web.FilterChainProxy$VirtualFilterChain.doFilter(FilterChainProxy.java:374)
	at org.springframework.security.web.servletapi.SecurityContextHolderAwareRequestFilter.doFilter(SecurityContextHolderAwareRequestFilter.java:179)
	at org.springframework.security.web.FilterChainProxy$VirtualFilterChain.doFilter(FilterChainProxy.java:374)
	at org.springframework.security.web.savedrequest.RequestCacheAwareFilter.doFilter(RequestCacheAwareFilter.java:63)
	at org.springframework.security.web.FilterChainProxy$VirtualFilterChain.doFilter(FilterChainProxy.java:374)
	at org.springframework.security.web.authentication.AbstractAuthenticationProcessingFilter.doFilter(AbstractAuthenticationProcessingFilter.java:227)
	at org.springframework.security.web.authentication.AbstractAuthenticationProcessingFilter.doFilter(AbstractAuthenticationProcessingFilter.java:221)
	at org.springframework.security.web.FilterChainProxy$VirtualFilterChain.doFilter(FilterChainProxy.java:374)
	at org.springframework.security.web.authentication.logout.LogoutFilter.doFilter(LogoutFilter.java:107)
	at org.springframework.security.web.authentication.logout.LogoutFilter.doFilter(LogoutFilter.java:93)
	at org.springframework.security.web.FilterChainProxy$VirtualFilterChain.doFilter(FilterChainProxy.java:374)
	at org.springframework.security.web.csrf.CsrfFilter.doFilterInternal(CsrfFilter.java:131)
	at org.springframework.web.filter.OncePerRequestFilter.doFilter(OncePerRequestFilter.java:116)
	at org.springframework.security.web.FilterChainProxy$VirtualFilterChain.doFilter(FilterChainProxy.java:374)
	at org.springframework.web.filter.CorsFilter.doFilterInternal(CorsFilter.java:91)
	at org.springframework.web.filter.OncePerRequestFilter.doFilter(OncePerRequestFilter.java:116)
	at org.springframework.security.web.FilterChainProxy$VirtualFilterChain.doFilter(FilterChainProxy.java:374)
	at org.springframework.security.web.header.HeaderWriterFilter.doHeadersAfter(HeaderWriterFilter.java:90)
	at org.springframework.security.web.header.HeaderWriterFilter.doFilterInternal(HeaderWriterFilter.java:75)
	at org.springframework.web.filter.OncePerRequestFilter.doFilter(OncePerRequestFilter.java:116)
	at org.springframework.security.web.FilterChainProxy$VirtualFilterChain.doFilter(FilterChainProxy.java:374)
	at org.springframework.security.web.context.SecurityContextHolderFilter.doFilter(SecurityContextHolderFilter.java:82)
	at org.springframework.security.web.context.SecurityContextHolderFilter.doFilter(SecurityContextHolderFilter.java:69)
	at org.springframework.security.web.FilterChainProxy$VirtualFilterChain.doFilter(FilterChainProxy.java:374)
	at org.springframework.security.web.context.request.async.WebAsyncManagerIntegrationFilter.doFilterInternal(WebAsyncManagerIntegrationFilter.java:62)
	at org.springframework.web.filter.OncePerRequestFilter.doFilter(OncePerRequestFilter.java:116)
	at org.springframework.security.web.FilterChainProxy$VirtualFilterChain.doFilter(FilterChainProxy.java:374)
	at org.springframework.security.web.access.channel.ChannelProcessingFilter.doFilter(ChannelProcessingFilter.java:133)
	at org.springframework.security.web.FilterChainProxy$VirtualFilterChain.doFilter(FilterChainProxy.java:374)
	at org.springframework.security.web.session.DisableEncodeUrlFilter.doFilterInternal(DisableEncodeUrlFilter.java:42)
	at org.springframework.web.filter.OncePerRequestFilter.doFilter(OncePerRequestFilter.java:116)
	at org.springframework.security.web.FilterChainProxy$VirtualFilterChain.doFilter(FilterChainProxy.java:374)
	at org.springframework.security.web.FilterChainProxy.doFilterInternal(FilterChainProxy.java:233)
	at org.springframework.security.web.FilterChainProxy.doFilter(FilterChainProxy.java:191)
	at org.springframework.web.filter.DelegatingFilterProxy.invokeDelegate(DelegatingFilterProxy.java:352)
	at org.springframework.web.filter.DelegatingFilterProxy.doFilter(DelegatingFilterProxy.java:268)
	at org.apache.catalina.core.ApplicationFilterChain.internalDoFilter(ApplicationFilterChain.java:174)
	at org.apache.catalina.core.ApplicationFilterChain.doFilter(ApplicationFilterChain.java:149)
	at org.springframework.web.filter.RequestContextFilter.doFilterInternal(RequestContextFilter.java:100)
	at org.springframework.web.filter.OncePerRequestFilter.doFilter(OncePerRequestFilter.java:116)
	at org.apache.catalina.core.ApplicationFilterChain.internalDoFilter(ApplicationFilterChain.java:174)
	at org.apache.catalina.core.ApplicationFilterChain.doFilter(ApplicationFilterChain.java:149)
	at org.springframework.web.filter.FormContentFilter.doFilterInternal(FormContentFilter.java:93)
	at org.springframework.web.filter.OncePerRequestFilter.doFilter(OncePerRequestFilter.java:116)
	at org.apache.catalina.core.ApplicationFilterChain.internalDoFilter(ApplicationFilterChain.java:174)
	at org.apache.catalina.core.ApplicationFilterChain.doFilter(ApplicationFilterChain.java:149)
	at org.springframework.web.filter.CharacterEncodingFilter.doFilterInternal(CharacterEncodingFilter.java:201)
	at org.springframework.web.filter.OncePerRequestFilter.doFilter(OncePerRequestFilter.java:116)
	at org.apache.catalina.core.ApplicationFilterChain.internalDoFilter(ApplicationFilterChain.java:174)
	at org.apache.catalina.core.ApplicationFilterChain.doFilter(ApplicationFilterChain.java:149)
	at org.apache.catalina.core.StandardWrapperValve.invoke(StandardWrapperValve.java:167)
	at org.apache.catalina.core.StandardContextValve.invoke(StandardContextValve.java:90)
	at org.apache.catalina.authenticator.AuthenticatorBase.invoke(AuthenticatorBase.java:482)
	at org.apache.catalina.core.StandardHostValve.invoke(StandardHostValve.java:115)
	at org.apache.catalina.valves.ErrorReportValve.invoke(ErrorReportValve.java:93)
	at org.apache.catalina.core.StandardEngineValve.invoke(StandardEngineValve.java:74)
	at org.apache.catalina.connector.CoyoteAdapter.service(CoyoteAdapter.java:340)
	at org.apache.coyote.http2.StreamProcessor.service(StreamProcessor.java:432)
	at org.apache.coyote.AbstractProcessorLight.process(AbstractProcessorLight.java:63)
	at org.apache.coyote.http2.StreamProcessor.process(StreamProcessor.java:90)
	at org.apache.coyote.http2.StreamRunnable.run(StreamRunnable.java:35)
	at org.apache.tomcat.util.threads.ThreadPoolExecutor.runWorker(ThreadPoolExecutor.java:1191)
	at org.apache.tomcat.util.threads.ThreadPoolExecutor$Worker.run(ThreadPoolExecutor.java:659)
	at org.apache.tomcat.util.threads.TaskThread$WrappingRunnable.run(TaskThread.java:61)
	at java.base/java.lang.Thread.run(Thread.java:1570)
2025-12-10 10:42:00 [https-jsse-nio-8443-exec-6] INFO  com.tts.sms.service.PackageService - Package created successfully: Full Stack Web Development
2025-12-10 10:42:08 [https-jsse-nio-8443-exec-3] INFO  c.t.sms.controller.LayoutController - 🔑 Loading permissions for user: admin (Role: SUPER_ADMIN)
2025-12-10 10:42:08 [https-jsse-nio-8443-exec-3] INFO  c.t.sms.controller.LayoutController - 📋 Found 15 employee-specific permissions
2025-12-10 10:42:08 [https-jsse-nio-8443-exec-3] INFO  c.t.sms.controller.LayoutController - 👥 Found 15 role-based permissions
2025-12-10 10:42:08 [https-jsse-nio-8443-exec-3] INFO  c.t.sms.controller.LayoutController - ✅ User has access to 15 menus: [1, 2, 3, 4, 5, 6, 7, 8, 9, 10, 11, 12, 13, 14, 15]
2025-12-10 10:42:09 [https-jsse-nio-8443-exec-7] INFO  c.t.s.s.AdmissionEnhancedService - Fetching active courses
2025-12-10 10:42:09 [https-jsse-nio-8443-exec-9] INFO  c.t.s.s.AdmissionEnhancedService - Fetching active packages with courses
2025-12-10 10:42:09 [https-jsse-nio-8443-exec-3] INFO  c.tts.sms.service.AdmissionService - Retrieved 25 admissions out of 7021 total
2025-12-10 10:42:17 [https-jsse-nio-8443-exec-5] INFO  c.tts.sms.service.AdmissionService - Search returned 0 results
2025-12-10 10:42:18 [https-jsse-nio-8443-exec-7] ERROR c.t.s.e.GlobalExceptionHandler - Resource not found: No enquiry found for mobile: 7020268464
2025-12-10 10:42:18 [https-jsse-nio-8443-exec-7] WARN  o.s.w.s.m.m.a.ExceptionHandlerExceptionResolver - Resolved [com.tts.sms.exception.ResourceNotFoundException: No enquiry found for mobile: 7020268464]
2025-12-10 10:42:42 [https-jsse-nio-8443-exec-7] INFO  c.t.s.s.AdmissionEnhancedService - Fetching subjects for course: 62
2025-12-10 10:42:43 [https-jsse-nio-8443-exec-2] INFO  c.t.s.s.AdmissionEnhancedService - Fetching subjects for course: 68
2025-12-10 10:44:57 [https-jsse-nio-8443-exec-6] WARN  c.tts.sms.service.AdmissionService - No enquiry found for mobile: 7020268464 - Creating admission without enquiry link
2025-12-10 10:44:57 [https-jsse-nio-8443-exec-6] INFO  c.tts.sms.service.AdmissionService -  Registration counter initialized to: 8001
2025-12-10 10:44:57 [https-jsse-nio-8443-exec-6] INFO  c.tts.sms.service.AdmissionService - Created admission with id: 7023 and reg no: REG8001
2025-12-10 10:44:57 [https-jsse-nio-8443-exec-6] INFO  c.tts.sms.service.AdmissionService -  NEW ADMISSION: Creating fees record for regNo: REG8001
2025-12-10 10:44:57 [https-jsse-nio-8443-exec-6] INFO  c.tts.sms.service.AdmissionService -  Created and flushed fees record for regNo: REG8001
2025-12-10 10:44:57 [https-jsse-nio-8443-exec-6] INFO  c.tts.sms.service.AdmissionService -  Generated and saved 3 installments with config
2025-12-10 10:44:57 [https-jsse-nio-8443-exec-2] INFO  c.tts.sms.service.AdmissionService - Retrieved 25 admissions out of 7022 total
2025-12-10 10:45:11 [https-jsse-nio-8443-exec-1] INFO  c.tts.sms.service.AdmissionService - Retrieved admission: Kunal  Patil
2025-12-10 10:46:31 [https-jsse-nio-8443-exec-4] INFO  c.tts.sms.service.AdmissionService - Updated admission with id: 7023
2025-12-10 10:46:31 [https-jsse-nio-8443-exec-5] INFO  c.tts.sms.service.AdmissionService - Retrieved 25 admissions out of 7022 total
2025-12-10 10:46:44 [https-jsse-nio-8443-exec-6] INFO  c.tts.sms.service.AdmissionService - Retrieved admission: Kunal  Patil
2025-12-10 10:47:55 [https-jsse-nio-8443-exec-6] INFO  c.tts.sms.service.AdmissionService - Updated admission with id: 7023
2025-12-10 10:47:55 [https-jsse-nio-8443-exec-8] INFO  c.tts.sms.service.AdmissionService - Retrieved 25 admissions out of 7022 total
2025-12-10 10:48:05 [https-jsse-nio-8443-exec-4] INFO  c.tts.sms.service.AdmissionService - Retrieved admission: Kunal  Patil
2025-12-10 10:48:10 [https-jsse-nio-8443-exec-10] INFO  c.t.sms.controller.LayoutController - 🔑 Loading permissions for user: admin (Role: SUPER_ADMIN)
2025-12-10 10:48:10 [https-jsse-nio-8443-exec-10] INFO  c.t.sms.controller.LayoutController - 📋 Found 15 employee-specific permissions
2025-12-10 10:48:10 [https-jsse-nio-8443-exec-10] INFO  c.t.sms.controller.LayoutController - 👥 Found 15 role-based permissions
2025-12-10 10:48:10 [https-jsse-nio-8443-exec-10] INFO  c.t.sms.controller.LayoutController - ✅ User has access to 15 menus: [1, 2, 3, 4, 5, 6, 7, 8, 9, 10, 11, 12, 13, 14, 15]
2025-12-10 10:48:11 [https-jsse-nio-8443-exec-6] INFO  c.t.s.c.FeesManagerController - GET /api/fees-manager - page: 0, size: 100000
2025-12-10 10:48:11 [https-jsse-nio-8443-exec-10] INFO  c.t.s.c.OnlinePaymentModeController - REST request to get active payment modes
2025-12-10 10:48:11 [https-jsse-nio-8443-exec-10] INFO  c.t.s.s.OnlinePaymentModeService - Fetching active payment modes
2025-12-10 10:48:11 [https-jsse-nio-8443-exec-2] INFO  c.t.s.s.AdmissionEnhancedService - Fetching active courses
2025-12-10 10:48:15 [https-jsse-nio-8443-exec-4] INFO  c.t.s.c.FeesManagerController - GET /api/fees-manager/installments/REG8001
2025-12-10 10:48:15 [https-jsse-nio-8443-exec-5] INFO  c.t.s.c.FeesManagerController - GET /api/fees-manager/installments/REG8001
2025-12-10 10:48:54 [https-jsse-nio-8443-exec-8] INFO  c.t.s.c.FeesManagerController - POST /api/fees-manager/receipts - regNo: REG8001
2025-12-10 10:48:54 [https-jsse-nio-8443-exec-8] INFO  c.tts.sms.service.FeesManagerService -  Verified admission exists: Kunal  Patil (REG8001)
2025-12-10 10:48:54 [https-jsse-nio-8443-exec-8] INFO  c.tts.sms.service.FeesManagerService -  Created fee receipt: REC0002 for regNo: REG8001
2025-12-10 10:48:54 [https-jsse-nio-8443-exec-8] INFO  c.tts.sms.service.FeesManagerService -  Updated fees: totalPaid=87000.0, feesDue=-60900.0, status=Clear
2025-12-10 10:48:54 [https-jsse-nio-8443-exec-8] INFO  c.tts.sms.service.FeesManagerService -  Updated fees table for regNo: REG8001
2025-12-10 10:48:54 [https-jsse-nio-8443-exec-8] INFO  c.tts.sms.service.FeesManagerService -  Updated installment 2 to Paid
2025-12-10 10:48:54 [https-jsse-nio-8443-exec-8] INFO  c.tts.sms.service.FeesManagerService -  Updated installment: 2
2025-12-10 10:48:54 [https-jsse-nio-8443-exec-9] INFO  c.t.s.c.FeesManagerController - GET /api/fees-manager/receipts/REG8001
2025-12-10 10:48:54 [https-jsse-nio-8443-exec-9] INFO  c.tts.sms.service.FeesManagerService -  Found 1 receipts in fee_receipts table
2025-12-10 10:48:54 [https-jsse-nio-8443-exec-9] INFO  c.tts.sms.service.FeesManagerService -  Found 6 records in fee_collections (old data)
2025-12-10 10:48:54 [https-jsse-nio-8443-exec-9] INFO  c.tts.sms.service.FeesManagerService - 📊 Total receipts: 7 (New: 1, Old: 6)
2025-12-10 10:48:54 [https-jsse-nio-8443-exec-10] INFO  c.t.s.c.FeesManagerController - PUT /api/fees-manager/update-total-paid - regNo: REG8001, totalPaid: 107000.0
2025-12-10 10:48:54 [https-jsse-nio-8443-exec-10] INFO  c.tts.sms.service.FeesManagerService -  Updated total paid for REG8001: ₹107000.0, Status: Clear
2025-12-10 10:48:54 [https-jsse-nio-8443-exec-3] INFO  c.t.s.c.FeesManagerController - GET /api/fees-manager - page: 0, size: 100000
2025-12-10 10:49:05 [https-jsse-nio-8443-exec-4] INFO  c.t.s.c.FeesManagerController - GET /api/fees-manager/receipts/REG8001
2025-12-10 10:49:05 [https-jsse-nio-8443-exec-4] INFO  c.tts.sms.service.FeesManagerService -  Found 1 receipts in fee_receipts table
2025-12-10 10:49:05 [https-jsse-nio-8443-exec-4] INFO  c.tts.sms.service.FeesManagerService -  Found 6 records in fee_collections (old data)
2025-12-10 10:49:05 [https-jsse-nio-8443-exec-4] INFO  c.tts.sms.service.FeesManagerService - 📊 Total receipts: 7 (New: 1, Old: 6)
2025-12-10 10:49:14 [https-jsse-nio-8443-exec-9] INFO  c.t.s.c.FeesManagerController - DELETE /api/fees-manager/receipts/2
2025-12-10 10:49:14 [https-jsse-nio-8443-exec-9] INFO  c.tts.sms.service.FeesManagerService - Deleted fee receipt: REC0002
2025-12-10 10:49:25 [https-jsse-nio-8443-exec-10] INFO  c.t.s.c.FeesManagerController - GET /api/fees-manager/receipts/REG8001
2025-12-10 10:49:25 [https-jsse-nio-8443-exec-10] INFO  c.tts.sms.service.FeesManagerService -  Found 6 records in fee_collections (old data)
2025-12-10 10:49:25 [https-jsse-nio-8443-exec-10] INFO  c.tts.sms.service.FeesManagerService - 📊 Total receipts: 6 (New: 0, Old: 6)
2025-12-10 10:49:32 [https-jsse-nio-8443-exec-6] INFO  c.t.s.c.FeesManagerController - GET /api/fees-manager/installments/REG8001
2025-12-10 10:49:32 [https-jsse-nio-8443-exec-5] INFO  c.t.s.c.FeesManagerController - GET /api/fees-manager/installments/REG8001
2025-12-10 10:51:51 [https-jsse-nio-8443-exec-9] INFO  c.t.s.c.FeesManagerController - GET /api/fees-manager/receipts/REG8001
2025-12-10 10:51:51 [https-jsse-nio-8443-exec-9] INFO  c.tts.sms.service.FeesManagerService -  Found 6 records in fee_collections (old data)
2025-12-10 10:51:51 [https-jsse-nio-8443-exec-9] INFO  c.tts.sms.service.FeesManagerService - 📊 Total receipts: 6 (New: 0, Old: 6)
2025-12-10 10:52:01 [https-jsse-nio-8443-exec-2] INFO  c.t.s.c.FeesManagerController - GET /api/fees-manager/receipts/REG8001
2025-12-10 10:52:01 [https-jsse-nio-8443-exec-2] INFO  c.tts.sms.service.FeesManagerService -  Found 6 records in fee_collections (old data)
2025-12-10 10:52:01 [https-jsse-nio-8443-exec-2] INFO  c.tts.sms.service.FeesManagerService - 📊 Total receipts: 6 (New: 0, Old: 6)
2025-12-10 10:52:08 [https-jsse-nio-8443-exec-3] INFO  c.t.s.c.FeesManagerController - GET /api/fees-manager/installments/REG8001
2025-12-10 10:52:08 [https-jsse-nio-8443-exec-6] INFO  c.t.s.c.FeesManagerController - GET /api/fees-manager/installments/REG8001
2025-12-10 10:52:28 [https-jsse-nio-8443-exec-4] INFO  c.t.s.c.FeesManagerController - GET /api/fees-manager/installments/REG8001
2025-12-10 10:52:39 [https-jsse-nio-8443-exec-8] WARN  o.s.w.s.m.m.a.ExceptionHandlerExceptionResolver - Resolved [org.springframework.web.servlet.resource.NoResourceFoundException: No static resource appspecific/com.chrome.devtools.json.]
2025-12-10 10:53:54 [https-jsse-nio-8443-exec-8] INFO  c.t.s.c.FeesManagerController - GET /api/fees-manager/receipts/REG8000
2025-12-10 10:53:54 [https-jsse-nio-8443-exec-8] INFO  c.tts.sms.service.FeesManagerService -  Found 1 receipts in fee_receipts table
2025-12-10 10:53:54 [https-jsse-nio-8443-exec-8] INFO  c.tts.sms.service.FeesManagerService -  Found 6 records in fee_collections (old data)
2025-12-10 10:53:54 [https-jsse-nio-8443-exec-8] INFO  c.tts.sms.service.FeesManagerService - 📊 Total receipts: 7 (New: 1, Old: 6)
2025-12-10 10:53:56 [https-jsse-nio-8443-exec-9] INFO  c.t.s.c.FeesManagerController - GET /api/fees-manager/receipts/REG8000
2025-12-10 10:53:56 [https-jsse-nio-8443-exec-9] INFO  c.tts.sms.service.FeesManagerService -  Found 1 receipts in fee_receipts table
2025-12-10 10:53:56 [https-jsse-nio-8443-exec-9] INFO  c.tts.sms.service.FeesManagerService -  Found 6 records in fee_collections (old data)
2025-12-10 10:53:56 [https-jsse-nio-8443-exec-9] INFO  c.tts.sms.service.FeesManagerService - 📊 Total receipts: 7 (New: 1, Old: 6)
2025-12-10 10:53:56 [https-jsse-nio-8443-exec-1] INFO  c.t.s.c.FeesManagerController - GET /api/fees-manager/installments/REG8000
2025-12-10 10:55:52 [https-jsse-nio-8443-exec-8] WARN  o.s.w.s.m.m.a.ExceptionHandlerExceptionResolver - Resolved [org.springframework.web.servlet.resource.NoResourceFoundException: No static resource appspecific/com.chrome.devtools.json.]
2025-12-10 10:58:02 [https-jsse-nio-8443-exec-7] INFO  c.t.sms.controller.LayoutController - 🔑 Loading permissions for user: admin (Role: SUPER_ADMIN)
2025-12-10 10:58:02 [https-jsse-nio-8443-exec-7] INFO  c.t.sms.controller.LayoutController - 📋 Found 15 employee-specific permissions
2025-12-10 10:58:02 [https-jsse-nio-8443-exec-7] INFO  c.t.sms.controller.LayoutController - 👥 Found 15 role-based permissions
2025-12-10 10:58:02 [https-jsse-nio-8443-exec-7] INFO  c.t.sms.controller.LayoutController - ✅ User has access to 15 menus: [1, 2, 3, 4, 5, 6, 7, 8, 9, 10, 11, 12, 13, 14, 15]
2025-12-10 10:58:03 [https-jsse-nio-8443-exec-7] INFO  c.tts.sms.service.DashboardService -  Total Fees: New Students (REG*): ₹141250.0, Old Students: ₹7.0871346E7, Total: ₹7.1012596E7
2025-12-10 10:58:03 [https-jsse-nio-8443-exec-4] WARN  o.s.w.s.m.m.a.ExceptionHandlerExceptionResolver - Resolved [org.springframework.web.servlet.resource.NoResourceFoundException: No static resource appspecific/com.chrome.devtools.json.]
2025-12-10 10:58:04 [https-jsse-nio-8443-exec-5] INFO  c.t.s.c.DashboardRestController - GET /api/dashboard/stats
2025-12-10 10:58:04 [https-jsse-nio-8443-exec-7] INFO  c.t.s.c.DashboardRestController - GET /api/dashboard/revenue-chart - period: 6M
2025-12-10 10:58:04 [https-jsse-nio-8443-exec-8] INFO  c.t.s.c.DashboardRestController - GET /api/dashboard/course-distribution
2025-12-10 10:58:04 [https-jsse-nio-8443-exec-7] INFO  c.tts.sms.service.DashboardService -  Revenue chart for 6M: 7 data points, Total: ₹6408750.0 (New: 1, Old: 805)
2025-12-10 10:58:05 [https-jsse-nio-8443-exec-8] INFO  c.tts.sms.service.DashboardService - Course distribution: 10 courses found
2025-12-10 10:58:05 [https-jsse-nio-8443-exec-5] INFO  c.tts.sms.service.DashboardService -  Total Fees: New Students (REG*): ₹141250.0, Old Students: ₹7.0871346E7, Total: ₹7.1012596E7
2025-12-10 10:59:46 [https-jsse-nio-8443-exec-7] INFO  c.t.sms.controller.LayoutController - 🔑 Loading permissions for user: admin (Role: SUPER_ADMIN)
2025-12-10 10:59:46 [https-jsse-nio-8443-exec-7] INFO  c.t.sms.controller.LayoutController - 📋 Found 15 employee-specific permissions
2025-12-10 10:59:46 [https-jsse-nio-8443-exec-7] INFO  c.t.sms.controller.LayoutController - 👥 Found 15 role-based permissions
2025-12-10 10:59:46 [https-jsse-nio-8443-exec-7] INFO  c.t.sms.controller.LayoutController - ✅ User has access to 15 menus: [1, 2, 3, 4, 5, 6, 7, 8, 9, 10, 11, 12, 13, 14, 15]
2025-12-10 10:59:46 [https-jsse-nio-8443-exec-8] WARN  o.s.w.s.m.m.a.ExceptionHandlerExceptionResolver - Resolved [org.springframework.web.servlet.resource.NoResourceFoundException: No static resource appspecific/com.chrome.devtools.json.]
2025-12-10 10:59:48 [https-jsse-nio-8443-exec-3] INFO  c.t.s.s.AdmissionEnhancedService - Fetching active packages with courses
2025-12-10 10:59:48 [https-jsse-nio-8443-exec-5] INFO  c.t.s.s.AdmissionEnhancedService - Fetching active courses
2025-12-10 10:59:48 [https-jsse-nio-8443-exec-2] INFO  c.tts.sms.service.AdmissionService - Retrieved 25 admissions out of 7022 total
2025-12-10 10:59:52 [https-jsse-nio-8443-exec-7] INFO  c.tts.sms.service.AdmissionService - Retrieved admission: Kunal  Patil
2025-12-10 10:59:54 [https-jsse-nio-8443-exec-3] WARN  com.tts.sms.config.SecurityConfig - Access denied for: /api/fee-installments/2
2025-12-10 10:59:54 [https-jsse-nio-8443-exec-5] WARN  com.tts.sms.config.SecurityConfig - Access denied for: /access-denied
2025-12-10 10:59:54 [https-jsse-nio-8443-exec-6] WARN  com.tts.sms.config.SecurityConfig - Access denied for: /access-denied
2025-12-10 10:59:54 [https-jsse-nio-8443-exec-1] WARN  com.tts.sms.config.SecurityConfig - Access denied for: /access-denied
2025-12-10 10:59:54 [https-jsse-nio-8443-exec-8] WARN  com.tts.sms.config.SecurityConfig - Access denied for: /access-denied
2025-12-10 10:59:54 [https-jsse-nio-8443-exec-3] WARN  com.tts.sms.config.SecurityConfig - Access denied for: /access-denied
2025-12-10 10:59:54 [https-jsse-nio-8443-exec-5] WARN  com.tts.sms.config.SecurityConfig - Access denied for: /access-denied
2025-12-10 10:59:54 [https-jsse-nio-8443-exec-2] WARN  com.tts.sms.config.SecurityConfig - Access denied for: /access-denied
2025-12-10 10:59:54 [https-jsse-nio-8443-exec-1] WARN  com.tts.sms.config.SecurityConfig - Access denied for: /access-denied
2025-12-10 10:59:54 [https-jsse-nio-8443-exec-8] WARN  com.tts.sms.config.SecurityConfig - Access denied for: /access-denied
2025-12-10 10:59:54 [https-jsse-nio-8443-exec-3] WARN  com.tts.sms.config.SecurityConfig - Access denied for: /access-denied
2025-12-10 10:59:54 [https-jsse-nio-8443-exec-9] WARN  com.tts.sms.config.SecurityConfig - Access denied for: /access-denied
2025-12-10 10:59:54 [https-jsse-nio-8443-exec-2] WARN  com.tts.sms.config.SecurityConfig - Access denied for: /access-denied
2025-12-10 10:59:54 [https-jsse-nio-8443-exec-10] WARN  com.tts.sms.config.SecurityConfig - Access denied for: /access-denied
2025-12-10 10:59:54 [https-jsse-nio-8443-exec-8] WARN  com.tts.sms.config.SecurityConfig - Access denied for: /access-denied
2025-12-10 10:59:54 [https-jsse-nio-8443-exec-5] WARN  com.tts.sms.config.SecurityConfig - Access denied for: /access-denied
2025-12-10 10:59:54 [https-jsse-nio-8443-exec-6] WARN  com.tts.sms.config.SecurityConfig - Access denied for: /access-denied
2025-12-10 10:59:54 [https-jsse-nio-8443-exec-2] WARN  com.tts.sms.config.SecurityConfig - Access denied for: /access-denied
2025-12-10 10:59:54 [https-jsse-nio-8443-exec-10] WARN  com.tts.sms.config.SecurityConfig - Access denied for: /access-denied
2025-12-10 10:59:54 [https-jsse-nio-8443-exec-8] WARN  com.tts.sms.config.SecurityConfig - Access denied for: /access-denied
2025-12-10 10:59:54 [https-jsse-nio-8443-exec-5] WARN  com.tts.sms.config.SecurityConfig - Access denied for: /access-denied
2025-12-10 10:59:57 [https-jsse-nio-8443-exec-6] WARN  o.s.w.s.m.m.a.ExceptionHandlerExceptionResolver - Resolved [org.springframework.web.servlet.resource.NoResourceFoundException: No static resource appspecific/com.chrome.devtools.json.]
2025-12-10 11:09:55 [SpringApplicationShutdownHook] INFO  o.s.o.j.LocalContainerEntityManagerFactoryBean - Closing JPA EntityManagerFactory for persistence unit 'default'
2025-12-10 11:10:09 [restartedMain] INFO  com.tts.sms.SmsApplication - Starting SmsApplication using Java 22.0.2 with PID 3132 (D:\tts-sms\sms\target\classes started by KUNAL in D:\tts-sms\sms)
2025-12-10 11:10:09 [restartedMain] INFO  com.tts.sms.SmsApplication - The following 1 profile is active: "prod"
2025-12-10 11:10:10 [restartedMain] INFO  o.s.b.d.e.DevToolsPropertyDefaultsPostProcessor - Devtools property defaults active! Set 'spring.devtools.add-properties' to 'false' to disable
2025-12-10 11:10:10 [restartedMain] INFO  o.s.b.d.e.DevToolsPropertyDefaultsPostProcessor - For additional web related logging consider setting the 'logging.level.web' property to 'DEBUG'
2025-12-10 11:10:13 [restartedMain] INFO  o.s.d.r.c.RepositoryConfigurationDelegate - Bootstrapping Spring Data JPA repositories in DEFAULT mode.
2025-12-10 11:10:13 [restartedMain] INFO  o.s.d.r.c.RepositoryConfigurationDelegate - Finished Spring Data repository scanning in 322 ms. Found 23 JPA repository interfaces.
2025-12-10 11:10:15 [restartedMain] INFO  com.tts.sms.config.WebConfig - 🔒 HTTPS/SSL is ENABLED - Production mode
2025-12-10 11:10:15 [restartedMain] INFO  com.tts.sms.config.WebConfig - 🔧 Configuring MIME type mappings for production
2025-12-10 11:10:15 [restartedMain] INFO  com.tts.sms.config.WebConfig -  MIME type mappings configured for production with UTF-8
2025-12-10 11:10:16 [restartedMain] INFO  o.s.b.w.e.tomcat.TomcatWebServer - Tomcat initialized with port 8443 (https)
2025-12-10 11:10:17 [restartedMain] INFO  o.s.b.w.s.c.ServletWebServerApplicationContext - Root WebApplicationContext: initialization completed in 6652 ms
2025-12-10 11:10:17 [restartedMain] WARN  o.a.c.c.C.[Tomcat].[localhost].[/] - Cannot deserialize session attribute [SPRING_SECURITY_CONTEXT] for session [61320D3EED19080E3A950C1207A26D63]
2025-12-10 11:10:18 [restartedMain] WARN  org.hibernate.orm.deprecation - HHH90000025: MariaDB103Dialect does not need to be specified explicitly using 'hibernate.dialect' (remove the property setting and it will be selected by default)
2025-12-10 11:10:18 [restartedMain] WARN  org.hibernate.orm.deprecation - HHH90000026: MariaDB103Dialect has been deprecated; use org.hibernate.dialect.MariaDBDialect instead
2025-12-10 11:10:19 [restartedMain] INFO  o.s.o.j.p.SpringPersistenceUnitInfo - No LoadTimeWeaver setup: ignoring JPA class transformer
2025-12-10 11:10:24 [restartedMain] INFO  o.s.o.j.LocalContainerEntityManagerFactoryBean - Initialized JPA EntityManagerFactory for persistence unit 'default'
2025-12-10 11:10:24 [restartedMain] INFO  c.tts.sms.config.ApplicationConfig - Application timezone set to: Asia/Kolkata (India Standard Time)
2025-12-10 11:10:24 [restartedMain] INFO  c.tts.sms.config.ApplicationConfig - Current time in IST: 2025-12-10T11:10:24.429875100+05:30[Asia/Kolkata]
2025-12-10 11:10:24 [restartedMain] INFO  c.tts.sms.config.ApplicationConfig - ===========================================
2025-12-10 11:10:24 [restartedMain] INFO  c.tts.sms.config.ApplicationConfig - Database Configuration:
2025-12-10 11:10:24 [restartedMain] INFO  c.tts.sms.config.ApplicationConfig - - Auto-create enabled: createDatabaseIfNotExist=true
2025-12-10 11:10:24 [restartedMain] INFO  c.tts.sms.config.ApplicationConfig - - Timezone: Asia/Kolkata (IST)
2025-12-10 11:10:24 [restartedMain] INFO  c.tts.sms.config.ApplicationConfig - - DDL Auto: update (will create tables automatically)
2025-12-10 11:10:24 [restartedMain] INFO  c.tts.sms.config.ApplicationConfig - ===========================================
2025-12-10 11:10:25 [restartedMain] INFO  o.s.d.j.r.query.QueryEnhancerFactory - Hibernate is in classpath; If applicable, HQL parser will be used.
2025-12-10 11:10:32 [restartedMain] INFO  c.tts.sms.service.FileStorageService - 📏 Max file size: 5242880 bytes (5MB)
2025-12-10 11:10:32 [restartedMain] INFO  c.tts.sms.service.FileStorageService - 📝 Allowed extensions: [jpg, jpeg, png, gif, webp]
2025-12-10 11:10:33 [restartedMain] INFO  c.t.s.c.ContentNegotiationConfig - 🔧 Configuring Content Negotiation for HTTPS Production
2025-12-10 11:10:33 [restartedMain] INFO  c.t.s.c.ContentNegotiationConfig - ✅ Content Negotiation configured for HTTPS production
2025-12-10 11:10:33 [restartedMain] INFO  com.tts.sms.config.SecurityConfig - Configuring security with FULL CSRF protection…
2025-12-10 11:10:33 [restartedMain] INFO  com.tts.sms.config.SecurityConfig - Configuring CORS with allowed origins: https://team.ttsnashik.com,https://www.ttsnashik.com
2025-12-10 11:10:33 [restartedMain] INFO  c.t.s.c.ContentNegotiationConfig - ✅ Path matching configured for production
2025-12-10 11:10:33 [restartedMain] INFO  c.t.sms.config.SecurityHeadersConfig - ✅ Security headers interceptor registered (SSL: true)
2025-12-10 11:10:33 [restartedMain] INFO  com.tts.sms.config.WebConfig - 🌐 Configuring CORS for production
2025-12-10 11:10:33 [restartedMain] INFO  com.tts.sms.config.WebConfig -  CORS configured for /api/** endpoints
2025-12-10 11:10:34 [restartedMain] INFO  com.tts.sms.config.WebConfig - 📦 Configuring resource handlers for HTTPS production
2025-12-10 11:10:34 [restartedMain] INFO  com.tts.sms.config.WebConfig -  Resource handlers configured with Google Analytics support
2025-12-10 11:10:34 [restartedMain] INFO  com.tts.sms.config.WebConfig -  Resource handlers configured for production
2025-12-10 11:10:34 [restartedMain] INFO  com.tts.sms.config.WebConfig -  Course images: D:\tts-sms\sms\.\uploads\courses
2025-12-10 11:10:34 [restartedMain] INFO  com.tts.sms.config.WebConfig -  CSV uploads: D:\tts-sms\sms\.\uploads\csv
2025-12-10 11:10:34 [restartedMain] WARN  o.s.b.w.s.c.AnnotationConfigServletWebServerApplicationContext - Exception encountered during context initialization - cancelling refresh attempt: org.springframework.beans.factory.UnsatisfiedDependencyException: Error creating bean with name 'org.springframework.security.config.annotation.web.configuration.WebSecurityConfiguration': Unsatisfied dependency expressed through method 'setFilterChains' parameter 0: Error creating bean with name 'securityFilterChain' defined in class path resource [com/tts/sms/config/SecurityConfig.class]: Failed to instantiate [org.springframework.security.web.SecurityFilterChain]: Factory method 'securityFilterChain' threw exception with message: Can't configure mvcMatchers after anyRequest
2025-12-10 11:10:34 [restartedMain] INFO  o.s.o.j.LocalContainerEntityManagerFactoryBean - Closing JPA EntityManagerFactory for persistence unit 'default'
2025-12-10 11:10:35 [restartedMain] INFO  o.s.b.a.l.ConditionEvaluationReportLogger - 

Error starting ApplicationContext. To display the condition evaluation report re-run your application with 'debug' enabled.
2025-12-10 11:10:35 [restartedMain] ERROR o.s.boot.SpringApplication - Application run failed
org.springframework.beans.factory.UnsatisfiedDependencyException: Error creating bean with name 'org.springframework.security.config.annotation.web.configuration.WebSecurityConfiguration': Unsatisfied dependency expressed through method 'setFilterChains' parameter 0: Error creating bean with name 'securityFilterChain' defined in class path resource [com/tts/sms/config/SecurityConfig.class]: Failed to instantiate [org.springframework.security.web.SecurityFilterChain]: Factory method 'securityFilterChain' threw exception with message: Can't configure mvcMatchers after anyRequest
	at org.springframework.beans.factory.annotation.AutowiredAnnotationBeanPostProcessor$AutowiredMethodElement.resolveMethodArguments(AutowiredAnnotationBeanPostProcessor.java:880)
	at org.springframework.beans.factory.annotation.AutowiredAnnotationBeanPostProcessor$AutowiredMethodElement.inject(AutowiredAnnotationBeanPostProcessor.java:833)
	at org.springframework.beans.factory.annotation.InjectionMetadata.inject(InjectionMetadata.java:145)
	at org.springframework.beans.factory.annotation.AutowiredAnnotationBeanPostProcessor.postProcessProperties(AutowiredAnnotationBeanPostProcessor.java:493)
	at org.springframework.beans.factory.support.AbstractAutowireCapableBeanFactory.populateBean(AbstractAutowireCapableBeanFactory.java:1420)
	at org.springframework.beans.factory.support.AbstractAutowireCapableBeanFactory.doCreateBean(AbstractAutowireCapableBeanFactory.java:600)
	at org.springframework.beans.factory.support.AbstractAutowireCapableBeanFactory.createBean(AbstractAutowireCapableBeanFactory.java:523)
	at org.springframework.beans.factory.support.AbstractBeanFactory.lambda$doGetBean$0(AbstractBeanFactory.java:325)
	at org.springframework.beans.factory.support.DefaultSingletonBeanRegistry.getSingleton(DefaultSingletonBeanRegistry.java:234)
	at org.springframework.beans.factory.support.AbstractBeanFactory.doGetBean(AbstractBeanFactory.java:323)
	at org.springframework.beans.factory.support.AbstractBeanFactory.getBean(AbstractBeanFactory.java:199)
	at org.springframework.beans.factory.support.DefaultListableBeanFactory.preInstantiateSingletons(DefaultListableBeanFactory.java:973)
	at org.springframework.context.support.AbstractApplicationContext.finishBeanFactoryInitialization(AbstractApplicationContext.java:946)
	at org.springframework.context.support.AbstractApplicationContext.refresh(AbstractApplicationContext.java:616)
	at org.springframework.boot.web.servlet.context.ServletWebServerApplicationContext.refresh(ServletWebServerApplicationContext.java:146)
	at org.springframework.boot.SpringApplication.refresh(SpringApplication.java:753)
	at org.springframework.boot.SpringApplication.refreshContext(SpringApplication.java:455)
	at org.springframework.boot.SpringApplication.run(SpringApplication.java:323)
	at com.tts.sms.SmsApplication.main(SmsApplication.java:29)
	at java.base/jdk.internal.reflect.DirectMethodHandleAccessor.invoke(DirectMethodHandleAccessor.java:103)
	at java.base/java.lang.reflect.Method.invoke(Method.java:580)
	at org.springframework.boot.devtools.restart.RestartLauncher.run(RestartLauncher.java:50)
Caused by: org.springframework.beans.factory.BeanCreationException: Error creating bean with name 'securityFilterChain' defined in class path resource [com/tts/sms/config/SecurityConfig.class]: Failed to instantiate [org.springframework.security.web.SecurityFilterChain]: Factory method 'securityFilterChain' threw exception with message: Can't configure mvcMatchers after anyRequest
	at org.springframework.beans.factory.support.ConstructorResolver.instantiate(ConstructorResolver.java:655)
	at org.springframework.beans.factory.support.ConstructorResolver.instantiateUsingFactoryMethod(ConstructorResolver.java:643)
	at org.springframework.beans.factory.support.AbstractAutowireCapableBeanFactory.instantiateUsingFactoryMethod(AbstractAutowireCapableBeanFactory.java:1336)
	at org.springframework.beans.factory.support.AbstractAutowireCapableBeanFactory.createBeanInstance(AbstractAutowireCapableBeanFactory.java:1166)
	at org.springframework.beans.factory.support.AbstractAutowireCapableBeanFactory.doCreateBean(AbstractAutowireCapableBeanFactory.java:563)
	at org.springframework.beans.factory.support.AbstractAutowireCapableBeanFactory.createBean(AbstractAutowireCapableBeanFactory.java:523)
	at org.springframework.beans.factory.support.AbstractBeanFactory.lambda$doGetBean$0(AbstractBeanFactory.java:325)
	at org.springframework.beans.factory.support.DefaultSingletonBeanRegistry.getSingleton(DefaultSingletonBeanRegistry.java:234)
	at org.springframework.beans.factory.support.AbstractBeanFactory.doGetBean(AbstractBeanFactory.java:323)
	at org.springframework.beans.factory.support.AbstractBeanFactory.getBean(AbstractBeanFactory.java:199)
	at org.springframework.beans.factory.config.DependencyDescriptor.resolveCandidate(DependencyDescriptor.java:254)
	at org.springframework.beans.factory.support.DefaultListableBeanFactory.addCandidateEntry(DefaultListableBeanFactory.java:1687)
	at org.springframework.beans.factory.support.DefaultListableBeanFactory.findAutowireCandidates(DefaultListableBeanFactory.java:1651)
	at org.springframework.beans.factory.support.DefaultListableBeanFactory.resolveMultipleBeanCollection(DefaultListableBeanFactory.java:1541)
	at org.springframework.beans.factory.support.DefaultListableBeanFactory.resolveMultipleBeans(DefaultListableBeanFactory.java:1509)
	at org.springframework.beans.factory.support.DefaultListableBeanFactory.doResolveDependency(DefaultListableBeanFactory.java:1390)
	at org.springframework.beans.factory.support.DefaultListableBeanFactory.resolveDependency(DefaultListableBeanFactory.java:1348)
	at org.springframework.beans.factory.annotation.AutowiredAnnotationBeanPostProcessor$AutowiredMethodElement.resolveMethodArguments(AutowiredAnnotationBeanPostProcessor.java:872)
	... 21 common frames omitted
Caused by: org.springframework.beans.BeanInstantiationException: Failed to instantiate [org.springframework.security.web.SecurityFilterChain]: Factory method 'securityFilterChain' threw exception with message: Can't configure mvcMatchers after anyRequest
	at org.springframework.beans.factory.support.SimpleInstantiationStrategy.instantiate(SimpleInstantiationStrategy.java:178)
	at org.springframework.beans.factory.support.ConstructorResolver.instantiate(ConstructorResolver.java:651)
	... 38 common frames omitted
Caused by: java.lang.IllegalStateException: Can't configure mvcMatchers after anyRequest
	at org.springframework.util.Assert.state(Assert.java:76)
	at org.springframework.security.config.annotation.web.AbstractRequestMatcherRegistry.createMvcMatchers(AbstractRequestMatcherRegistry.java:109)
	at org.springframework.security.config.annotation.web.AbstractRequestMatcherRegistry.requestMatchers(AbstractRequestMatcherRegistry.java:207)
	at org.springframework.security.config.annotation.web.AbstractRequestMatcherRegistry.requestMatchers(AbstractRequestMatcherRegistry.java:360)
	at com.tts.sms.config.SecurityConfig.lambda$securityFilterChain$2(SecurityConfig.java:100)
	at org.springframework.security.config.annotation.web.builders.HttpSecurity.authorizeHttpRequests(HttpSecurity.java:1467)
	at com.tts.sms.config.SecurityConfig.securityFilterChain(SecurityConfig.java:84)
	at com.tts.sms.config.SecurityConfig$$SpringCGLIB$$0.CGLIB$securityFilterChain$6(<generated>)
	at com.tts.sms.config.SecurityConfig$$SpringCGLIB$$FastClass$$1.invoke(<generated>)
	at org.springframework.cglib.proxy.MethodProxy.invokeSuper(MethodProxy.java:258)
	at org.springframework.context.annotation.ConfigurationClassEnhancer$BeanMethodInterceptor.intercept(ConfigurationClassEnhancer.java:331)
	at com.tts.sms.config.SecurityConfig$$SpringCGLIB$$0.securityFilterChain(<generated>)
	at java.base/jdk.internal.reflect.DirectMethodHandleAccessor.invoke(DirectMethodHandleAccessor.java:103)
	at java.base/java.lang.reflect.Method.invoke(Method.java:580)
	at org.springframework.beans.factory.support.SimpleInstantiationStrategy.instantiate(SimpleInstantiationStrategy.java:140)
	... 39 common frames omitted
2025-12-10 11:13:10 [restartedMain] INFO  com.tts.sms.SmsApplication - Starting SmsApplication using Java 22.0.2 with PID 3924 (D:\tts-sms\sms\target\classes started by KUNAL in D:\tts-sms\sms)
2025-12-10 11:13:10 [restartedMain] INFO  com.tts.sms.SmsApplication - The following 1 profile is active: "prod"
2025-12-10 11:13:11 [restartedMain] INFO  o.s.b.d.e.DevToolsPropertyDefaultsPostProcessor - Devtools property defaults active! Set 'spring.devtools.add-properties' to 'false' to disable
2025-12-10 11:13:11 [restartedMain] INFO  o.s.b.d.e.DevToolsPropertyDefaultsPostProcessor - For additional web related logging consider setting the 'logging.level.web' property to 'DEBUG'
2025-12-10 11:13:16 [restartedMain] INFO  o.s.d.r.c.RepositoryConfigurationDelegate - Bootstrapping Spring Data JPA repositories in DEFAULT mode.
2025-12-10 11:13:16 [restartedMain] INFO  o.s.d.r.c.RepositoryConfigurationDelegate - Finished Spring Data repository scanning in 591 ms. Found 23 JPA repository interfaces.
2025-12-10 11:13:20 [restartedMain] INFO  com.tts.sms.config.WebConfig - 🔒 HTTPS/SSL is ENABLED - Production mode
2025-12-10 11:13:20 [restartedMain] INFO  com.tts.sms.config.WebConfig - 🔧 Configuring MIME type mappings for production
2025-12-10 11:13:20 [restartedMain] INFO  com.tts.sms.config.WebConfig -  MIME type mappings configured for production with UTF-8
2025-12-10 11:13:21 [restartedMain] INFO  o.s.b.w.e.tomcat.TomcatWebServer - Tomcat initialized with port 8443 (https)
2025-12-10 11:13:21 [restartedMain] INFO  o.s.b.w.s.c.ServletWebServerApplicationContext - Root WebApplicationContext: initialization completed in 10365 ms
2025-12-10 11:13:24 [restartedMain] WARN  org.hibernate.orm.deprecation - HHH90000025: MariaDB103Dialect does not need to be specified explicitly using 'hibernate.dialect' (remove the property setting and it will be selected by default)
2025-12-10 11:13:24 [restartedMain] WARN  org.hibernate.orm.deprecation - HHH90000026: MariaDB103Dialect has been deprecated; use org.hibernate.dialect.MariaDBDialect instead
2025-12-10 11:13:25 [restartedMain] INFO  o.s.o.j.p.SpringPersistenceUnitInfo - No LoadTimeWeaver setup: ignoring JPA class transformer
2025-12-10 11:13:33 [restartedMain] INFO  o.s.o.j.LocalContainerEntityManagerFactoryBean - Initialized JPA EntityManagerFactory for persistence unit 'default'
2025-12-10 11:13:33 [restartedMain] INFO  c.tts.sms.config.ApplicationConfig - Application timezone set to: Asia/Kolkata (India Standard Time)
2025-12-10 11:13:33 [restartedMain] INFO  c.tts.sms.config.ApplicationConfig - Current time in IST: 2025-12-10T11:13:33.850180800+05:30[Asia/Kolkata]
2025-12-10 11:13:33 [restartedMain] INFO  c.tts.sms.config.ApplicationConfig - ===========================================
2025-12-10 11:13:33 [restartedMain] INFO  c.tts.sms.config.ApplicationConfig - Database Configuration:
2025-12-10 11:13:33 [restartedMain] INFO  c.tts.sms.config.ApplicationConfig - - Auto-create enabled: createDatabaseIfNotExist=true
2025-12-10 11:13:33 [restartedMain] INFO  c.tts.sms.config.ApplicationConfig - - Timezone: Asia/Kolkata (IST)
2025-12-10 11:13:33 [restartedMain] INFO  c.tts.sms.config.ApplicationConfig - - DDL Auto: update (will create tables automatically)
2025-12-10 11:13:33 [restartedMain] INFO  c.tts.sms.config.ApplicationConfig - ===========================================
2025-12-10 11:13:36 [restartedMain] INFO  o.s.d.j.r.query.QueryEnhancerFactory - Hibernate is in classpath; If applicable, HQL parser will be used.
2025-12-10 11:14:03 [restartedMain] INFO  c.tts.sms.service.FileStorageService - 📏 Max file size: 5242880 bytes (5MB)
2025-12-10 11:14:03 [restartedMain] INFO  c.tts.sms.service.FileStorageService - 📝 Allowed extensions: [jpg, jpeg, png, gif, webp]
2025-12-10 11:14:06 [restartedMain] INFO  c.t.s.c.ContentNegotiationConfig - 🔧 Configuring Content Negotiation for HTTPS Production
2025-12-10 11:14:06 [restartedMain] INFO  c.t.s.c.ContentNegotiationConfig - ✅ Content Negotiation configured for HTTPS production
2025-12-10 11:14:07 [restartedMain] INFO  com.tts.sms.config.SecurityConfig - Configuring security with FULL CSRF protection…
2025-12-10 11:14:07 [restartedMain] INFO  com.tts.sms.config.SecurityConfig - Configuring CORS with allowed origins: https://team.ttsnashik.com,https://www.ttsnashik.com
2025-12-10 11:14:07 [restartedMain] INFO  c.t.s.c.ContentNegotiationConfig - ✅ Path matching configured for production
2025-12-10 11:14:07 [restartedMain] INFO  c.t.sms.config.SecurityHeadersConfig - ✅ Security headers interceptor registered (SSL: true)
2025-12-10 11:14:07 [restartedMain] INFO  com.tts.sms.config.WebConfig - 🌐 Configuring CORS for production
2025-12-10 11:14:07 [restartedMain] INFO  com.tts.sms.config.WebConfig -  CORS configured for /api/** endpoints
2025-12-10 11:14:09 [restartedMain] INFO  com.tts.sms.config.WebConfig - 📦 Configuring resource handlers for HTTPS production
2025-12-10 11:14:09 [restartedMain] INFO  com.tts.sms.config.WebConfig -  Resource handlers configured with Google Analytics support
2025-12-10 11:14:09 [restartedMain] INFO  com.tts.sms.config.WebConfig -  Resource handlers configured for production
2025-12-10 11:14:09 [restartedMain] INFO  com.tts.sms.config.WebConfig -  Course images: D:\tts-sms\sms\.\uploads\courses
2025-12-10 11:14:09 [restartedMain] INFO  com.tts.sms.config.WebConfig -  CSV uploads: D:\tts-sms\sms\.\uploads\csv
2025-12-10 11:14:10 [restartedMain] INFO  o.s.s.w.a.c.ChannelProcessingFilter - Validated configuration attributes
2025-12-10 11:14:10 [restartedMain] INFO  o.s.s.web.DefaultSecurityFilterChain - Will secure any request with [org.springframework.security.web.session.DisableEncodeUrlFilter@2efc9b4e, org.springframework.security.web.access.channel.ChannelProcessingFilter@18802cc1, org.springframework.security.web.context.request.async.WebAsyncManagerIntegrationFilter@1aa71b23, org.springframework.security.web.context.SecurityContextHolderFilter@767fb8dc, org.springframework.security.web.header.HeaderWriterFilter@1e662d84, org.springframework.web.filter.CorsFilter@3ea2dc93, org.springframework.security.web.csrf.CsrfFilter@3ad87e1b, org.springframework.security.web.authentication.logout.LogoutFilter@4c693f73, org.springframework.security.web.authentication.UsernamePasswordAuthenticationFilter@61d3b840, org.springframework.security.web.savedrequest.RequestCacheAwareFilter@537b4174, org.springframework.security.web.servletapi.SecurityContextHolderAwareRequestFilter@6460f1d2, org.springframework.security.web.authentication.AnonymousAuthenticationFilter@1376a51b, org.springframework.security.web.session.SessionManagementFilter@52c8e2f2, org.springframework.security.web.access.ExceptionTranslationFilter@4f69b77b, org.springframework.security.web.access.intercept.AuthorizationFilter@289c6865]
2025-12-10 11:14:12 [restartedMain] INFO  o.s.b.d.a.OptionalLiveReloadServer - LiveReload server is running on port 35729
2025-12-10 11:14:15 [restartedMain] INFO  o.s.b.w.e.tomcat.TomcatWebServer - Tomcat started on port 8443 (https) with context path ''
2025-12-10 11:14:15 [restartedMain] INFO  com.tts.sms.SmsApplication - Started SmsApplication in 67.595 seconds (process running for 69.81)
2025-12-10 11:14:16 [restartedMain] INFO  com.tts.sms.config.CourseDataLoader - ✅ Courses already exist in database. Skipping data initialization.
2025-12-10 11:14:16 [restartedMain] INFO  c.t.sms.config.LeadSourceDataLoader - Lead source data already exists. Skipping default data load.
2025-12-10 11:14:16 [restartedMain] INFO  com.tts.sms.config.BankDataLoader - Bank data already exists. Skipping default data load.
2025-12-10 11:14:16 [restartedMain] INFO  com.tts.sms.config.DataLoader -  Super Admin already exists
2025-12-10 11:14:16 [restartedMain] INFO  com.tts.sms.config.UserDataLoader - ✅ Default admin user already exists
2025-12-10 11:14:17 [restartedMain] INFO  com.tts.sms.SmsApplication - 
------------------------------------------------------------
   Application 'tts-sms' is running!
   Local:      http://localhost:8443
   External:   http://172.27.224.1:8443
   Active Profiles: prod
------------------------------------------------------------
2025-12-10 11:16:16 [https-jsse-nio-8443-exec-9] WARN  o.s.w.s.h.HandlerMappingIntrospector - Cache miss for REQUEST dispatch to '/students/admission' (previous null). Performing MatchableHandlerMapping lookup. This is logged once only at WARN level, and every time at TRACE.
2025-12-10 11:16:37 [https-jsse-nio-8443-exec-2] INFO  c.t.sms.controller.LayoutController - 🔑 Loading permissions for user: admin (Role: SUPER_ADMIN)
2025-12-10 11:16:37 [https-jsse-nio-8443-exec-2] INFO  c.t.sms.controller.LayoutController - 📋 Found 15 employee-specific permissions
2025-12-10 11:16:37 [https-jsse-nio-8443-exec-2] INFO  c.t.sms.controller.LayoutController - 👥 Found 15 role-based permissions
2025-12-10 11:16:37 [https-jsse-nio-8443-exec-2] INFO  c.t.sms.controller.LayoutController - ✅ User has access to 15 menus: [1, 2, 3, 4, 5, 6, 7, 8, 9, 10, 11, 12, 13, 14, 15]
2025-12-10 11:16:41 [https-jsse-nio-8443-exec-2] INFO  c.tts.sms.service.DashboardService -  Total Fees: New Students (REG*): ₹141250.0, Old Students: ₹7.0871346E7, Total: ₹7.1012596E7
2025-12-10 11:16:44 [https-jsse-nio-8443-exec-6] WARN  o.s.w.s.m.m.a.ExceptionHandlerExceptionResolver - Resolved [org.springframework.web.servlet.resource.NoResourceFoundException: No static resource appspecific/com.chrome.devtools.json.]
2025-12-10 11:16:46 [https-jsse-nio-8443-exec-7] INFO  c.t.s.c.DashboardRestController - GET /api/dashboard/stats
2025-12-10 11:16:46 [https-jsse-nio-8443-exec-9] INFO  c.t.s.c.DashboardRestController - GET /api/dashboard/revenue-chart - period: 6M
2025-12-10 11:16:46 [https-jsse-nio-8443-exec-8] INFO  c.t.s.c.DashboardRestController - GET /api/dashboard/course-distribution
2025-12-10 11:16:47 [https-jsse-nio-8443-exec-9] INFO  c.tts.sms.service.DashboardService -  Revenue chart for 6M: 7 data points, Total: ₹6408750.0 (New: 1, Old: 805)
2025-12-10 11:16:50 [https-jsse-nio-8443-exec-7] INFO  c.tts.sms.service.DashboardService -  Total Fees: New Students (REG*): ₹141250.0, Old Students: ₹7.0871346E7, Total: ₹7.1012596E7
2025-12-10 11:16:51 [https-jsse-nio-8443-exec-8] INFO  c.tts.sms.service.DashboardService - Course distribution: 10 courses found
2025-12-10 11:16:54 [https-jsse-nio-8443-exec-4] INFO  c.t.sms.controller.LayoutController - 🔑 Loading permissions for user: admin (Role: SUPER_ADMIN)
2025-12-10 11:16:54 [https-jsse-nio-8443-exec-4] INFO  c.t.sms.controller.LayoutController - 📋 Found 15 employee-specific permissions
2025-12-10 11:16:54 [https-jsse-nio-8443-exec-4] INFO  c.t.sms.controller.LayoutController - 👥 Found 15 role-based permissions
2025-12-10 11:16:54 [https-jsse-nio-8443-exec-4] INFO  c.t.sms.controller.LayoutController - ✅ User has access to 15 menus: [1, 2, 3, 4, 5, 6, 7, 8, 9, 10, 11, 12, 13, 14, 15]
2025-12-10 11:16:55 [https-jsse-nio-8443-exec-10] WARN  o.s.w.s.m.m.a.ExceptionHandlerExceptionResolver - Resolved [org.springframework.web.servlet.resource.NoResourceFoundException: No static resource appspecific/com.chrome.devtools.json.]
2025-12-10 11:16:59 [https-jsse-nio-8443-exec-7] INFO  c.t.sms.controller.LayoutController - 🔑 Loading permissions for user: admin (Role: SUPER_ADMIN)
2025-12-10 11:16:59 [https-jsse-nio-8443-exec-7] INFO  c.t.sms.controller.LayoutController - 📋 Found 15 employee-specific permissions
2025-12-10 11:16:59 [https-jsse-nio-8443-exec-7] INFO  c.t.sms.controller.LayoutController - 👥 Found 15 role-based permissions
2025-12-10 11:16:59 [https-jsse-nio-8443-exec-7] INFO  c.t.sms.controller.LayoutController - ✅ User has access to 15 menus: [1, 2, 3, 4, 5, 6, 7, 8, 9, 10, 11, 12, 13, 14, 15]
2025-12-10 11:17:00 [https-jsse-nio-8443-exec-1] WARN  o.s.w.s.m.m.a.ExceptionHandlerExceptionResolver - Resolved [org.springframework.web.servlet.resource.NoResourceFoundException: No static resource appspecific/com.chrome.devtools.json.]
2025-12-10 11:17:01 [https-jsse-nio-8443-exec-6] INFO  c.t.s.c.OnlinePaymentModeController - REST request to get active payment modes
2025-12-10 11:17:01 [https-jsse-nio-8443-exec-1] INFO  c.t.s.c.FeesManagerController - GET /api/fees-manager - page: 0, size: 100000
2025-12-10 11:17:01 [https-jsse-nio-8443-exec-8] INFO  c.t.s.s.AdmissionEnhancedService - Fetching active courses
2025-12-10 11:17:01 [https-jsse-nio-8443-exec-6] INFO  c.t.s.s.OnlinePaymentModeService - Fetching active payment modes
2025-12-10 11:17:10 [https-jsse-nio-8443-exec-7] INFO  c.t.s.c.FeesManagerController - GET /api/fees-manager/installments/REG8001
2025-12-10 11:17:14 [https-jsse-nio-8443-exec-5] INFO  c.t.s.c.FeesManagerController - DELETE /api/fees-manager/installments/2
2025-12-10 11:17:15 [https-jsse-nio-8443-exec-5] ERROR org.hibernate.orm.jdbc.batch - HHH100501: Exception executing batch [java.sql.BatchUpdateException: Cannot delete or update a parent row: a foreign key constraint fails (`tts_database`.`fee_receipts`, CONSTRAINT `FK9653o2jkeirvl18xr7x39x63f` FOREIGN KEY (`installment_id`) REFERENCES `fee_installments` (`id`))], SQL: delete from fee_installments where id=?
2025-12-10 11:17:15 [https-jsse-nio-8443-exec-5] WARN  o.h.e.jdbc.spi.SqlExceptionHelper - SQL Error: 1451, SQLState: 23000
2025-12-10 11:17:15 [https-jsse-nio-8443-exec-5] ERROR o.h.e.jdbc.spi.SqlExceptionHelper - Cannot delete or update a parent row: a foreign key constraint fails (`tts_database`.`fee_receipts`, CONSTRAINT `FK9653o2jkeirvl18xr7x39x63f` FOREIGN KEY (`installment_id`) REFERENCES `fee_installments` (`id`))
2025-12-10 11:17:15 [https-jsse-nio-8443-exec-5] ERROR c.t.s.c.FeesManagerController - Error deleting installment
org.springframework.dao.DataIntegrityViolationException: could not execute batch [Cannot delete or update a parent row: a foreign key constraint fails (`tts_database`.`fee_receipts`, CONSTRAINT `FK9653o2jkeirvl18xr7x39x63f` FOREIGN KEY (`installment_id`) REFERENCES `fee_installments` (`id`))] [delete from fee_installments where id=?]; SQL [delete from fee_installments where id=?]; constraint [null]
	at org.springframework.orm.jpa.vendor.HibernateJpaDialect.convertHibernateAccessException(HibernateJpaDialect.java:290)
	at org.springframework.orm.jpa.vendor.HibernateJpaDialect.translateExceptionIfPossible(HibernateJpaDialect.java:241)
	at org.springframework.orm.jpa.AbstractEntityManagerFactoryBean.translateExceptionIfPossible(AbstractEntityManagerFactoryBean.java:550)
	at org.springframework.dao.support.ChainedPersistenceExceptionTranslator.translateExceptionIfPossible(ChainedPersistenceExceptionTranslator.java:61)
	at org.springframework.dao.support.DataAccessUtils.translateIfNecessary(DataAccessUtils.java:335)
	at org.springframework.dao.support.PersistenceExceptionTranslationInterceptor.invoke(PersistenceExceptionTranslationInterceptor.java:152)
	at org.springframework.aop.framework.ReflectiveMethodInvocation.proceed(ReflectiveMethodInvocation.java:184)
	at org.springframework.data.jpa.repository.support.CrudMethodMetadataPostProcessor$CrudMethodMetadataPopulatingMethodInterceptor.invoke(CrudMethodMetadataPostProcessor.java:164)
	at org.springframework.aop.framework.ReflectiveMethodInvocation.proceed(ReflectiveMethodInvocation.java:184)
	at org.springframework.aop.interceptor.ExposeInvocationInterceptor.invoke(ExposeInvocationInterceptor.java:97)
	at org.springframework.aop.framework.ReflectiveMethodInvocation.proceed(ReflectiveMethodInvocation.java:184)
	at org.springframework.aop.framework.JdkDynamicAopProxy.invoke(JdkDynamicAopProxy.java:249)
	at jdk.proxy4/jdk.proxy4.$Proxy172.flush(Unknown Source)
	at com.tts.sms.service.FeesManagerService.deleteFeeInstallment(FeesManagerService.java:1231)
	at java.base/jdk.internal.reflect.DirectMethodHandleAccessor.invoke(DirectMethodHandleAccessor.java:103)
	at java.base/java.lang.reflect.Method.invoke(Method.java:580)
	at org.springframework.aop.support.AopUtils.invokeJoinpointUsingReflection(AopUtils.java:352)
	at org.springframework.aop.framework.ReflectiveMethodInvocation.invokeJoinpoint(ReflectiveMethodInvocation.java:196)
	at org.springframework.aop.framework.ReflectiveMethodInvocation.proceed(ReflectiveMethodInvocation.java:163)
	at org.springframework.aop.framework.CglibAopProxy$CglibMethodInvocation.proceed(CglibAopProxy.java:765)
	at org.springframework.transaction.interceptor.TransactionInterceptor$1.proceedWithInvocation(TransactionInterceptor.java:123)
	at org.springframework.transaction.interceptor.TransactionAspectSupport.invokeWithinTransaction(TransactionAspectSupport.java:385)
	at org.springframework.transaction.interceptor.TransactionInterceptor.invoke(TransactionInterceptor.java:119)
	at org.springframework.aop.framework.ReflectiveMethodInvocation.proceed(ReflectiveMethodInvocation.java:184)
	at org.springframework.aop.framework.CglibAopProxy$CglibMethodInvocation.proceed(CglibAopProxy.java:765)
	at org.springframework.aop.framework.CglibAopProxy$DynamicAdvisedInterceptor.intercept(CglibAopProxy.java:717)
	at com.tts.sms.service.FeesManagerService$$SpringCGLIB$$0.deleteFeeInstallment(<generated>)
	at com.tts.sms.controller.FeesManagerController.deleteFeeInstallment(FeesManagerController.java:64)
	at java.base/jdk.internal.reflect.DirectMethodHandleAccessor.invoke(DirectMethodHandleAccessor.java:103)
	at java.base/java.lang.reflect.Method.invoke(Method.java:580)
	at org.springframework.web.method.support.InvocableHandlerMethod.doInvoke(InvocableHandlerMethod.java:254)
	at org.springframework.web.method.support.InvocableHandlerMethod.invokeForRequest(InvocableHandlerMethod.java:182)
	at org.springframework.web.servlet.mvc.method.annotation.ServletInvocableHandlerMethod.invokeAndHandle(ServletInvocableHandlerMethod.java:118)
	at org.springframework.web.servlet.mvc.method.annotation.RequestMappingHandlerAdapter.invokeHandlerMethod(RequestMappingHandlerAdapter.java:917)
	at org.springframework.web.servlet.mvc.method.annotation.RequestMappingHandlerAdapter.handleInternal(RequestMappingHandlerAdapter.java:829)
	at org.springframework.web.servlet.mvc.method.AbstractHandlerMethodAdapter.handle(AbstractHandlerMethodAdapter.java:87)
	at org.springframework.web.servlet.DispatcherServlet.doDispatch(DispatcherServlet.java:1089)
	at org.springframework.web.servlet.DispatcherServlet.doService(DispatcherServlet.java:979)
	at org.springframework.web.servlet.FrameworkServlet.processRequest(FrameworkServlet.java:1014)
	at org.springframework.web.servlet.FrameworkServlet.doDelete(FrameworkServlet.java:936)
	at jakarta.servlet.http.HttpServlet.service(HttpServlet.java:596)
	at org.springframework.web.servlet.FrameworkServlet.service(FrameworkServlet.java:885)
	at jakarta.servlet.http.HttpServlet.service(HttpServlet.java:658)
	at org.apache.catalina.core.ApplicationFilterChain.internalDoFilter(ApplicationFilterChain.java:205)
	at org.apache.catalina.core.ApplicationFilterChain.doFilter(ApplicationFilterChain.java:149)
	at org.apache.tomcat.websocket.server.WsFilter.doFilter(WsFilter.java:51)
	at org.apache.catalina.core.ApplicationFilterChain.internalDoFilter(ApplicationFilterChain.java:174)
	at org.apache.catalina.core.ApplicationFilterChain.doFilter(ApplicationFilterChain.java:149)
	at org.springframework.web.servlet.resource.ResourceUrlEncodingFilter.doFilter(ResourceUrlEncodingFilter.java:66)
	at org.apache.catalina.core.ApplicationFilterChain.internalDoFilter(ApplicationFilterChain.java:174)
	at org.apache.catalina.core.ApplicationFilterChain.doFilter(ApplicationFilterChain.java:149)
	at org.springframework.security.web.FilterChainProxy.lambda$doFilterInternal$3(FilterChainProxy.java:231)
	at org.springframework.security.web.FilterChainProxy$VirtualFilterChain.doFilter(FilterChainProxy.java:365)
	at org.springframework.security.web.access.intercept.AuthorizationFilter.doFilter(AuthorizationFilter.java:100)
	at org.springframework.security.web.FilterChainProxy$VirtualFilterChain.doFilter(FilterChainProxy.java:374)
	at org.springframework.security.web.access.ExceptionTranslationFilter.doFilter(ExceptionTranslationFilter.java:126)
	at org.springframework.security.web.access.ExceptionTranslationFilter.doFilter(ExceptionTranslationFilter.java:120)
	at org.springframework.security.web.FilterChainProxy$VirtualFilterChain.doFilter(FilterChainProxy.java:374)
	at org.springframework.security.web.session.SessionManagementFilter.doFilter(SessionManagementFilter.java:131)
	at org.springframework.security.web.session.SessionManagementFilter.doFilter(SessionManagementFilter.java:85)
	at org.springframework.security.web.FilterChainProxy$VirtualFilterChain.doFilter(FilterChainProxy.java:374)
	at org.springframework.security.web.authentication.AnonymousAuthenticationFilter.doFilter(AnonymousAuthenticationFilter.java:100)
	at org.springframework.security.web.FilterChainProxy$VirtualFilterChain.doFilter(FilterChainProxy.java:374)
	at org.springframework.security.web.servletapi.SecurityContextHolderAwareRequestFilter.doFilter(SecurityContextHolderAwareRequestFilter.java:179)
	at org.springframework.security.web.FilterChainProxy$VirtualFilterChain.doFilter(FilterChainProxy.java:374)
	at org.springframework.security.web.savedrequest.RequestCacheAwareFilter.doFilter(RequestCacheAwareFilter.java:63)
	at org.springframework.security.web.FilterChainProxy$VirtualFilterChain.doFilter(FilterChainProxy.java:374)
	at org.springframework.security.web.authentication.AbstractAuthenticationProcessingFilter.doFilter(AbstractAuthenticationProcessingFilter.java:227)
	at org.springframework.security.web.authentication.AbstractAuthenticationProcessingFilter.doFilter(AbstractAuthenticationProcessingFilter.java:221)
	at org.springframework.security.web.FilterChainProxy$VirtualFilterChain.doFilter(FilterChainProxy.java:374)
	at org.springframework.security.web.authentication.logout.LogoutFilter.doFilter(LogoutFilter.java:107)
	at org.springframework.security.web.authentication.logout.LogoutFilter.doFilter(LogoutFilter.java:93)
	at org.springframework.security.web.FilterChainProxy$VirtualFilterChain.doFilter(FilterChainProxy.java:374)
	at org.springframework.security.web.csrf.CsrfFilter.doFilterInternal(CsrfFilter.java:131)
	at org.springframework.web.filter.OncePerRequestFilter.doFilter(OncePerRequestFilter.java:116)
	at org.springframework.security.web.FilterChainProxy$VirtualFilterChain.doFilter(FilterChainProxy.java:374)
	at org.springframework.web.filter.CorsFilter.doFilterInternal(CorsFilter.java:91)
	at org.springframework.web.filter.OncePerRequestFilter.doFilter(OncePerRequestFilter.java:116)
	at org.springframework.security.web.FilterChainProxy$VirtualFilterChain.doFilter(FilterChainProxy.java:374)
	at org.springframework.security.web.header.HeaderWriterFilter.doHeadersAfter(HeaderWriterFilter.java:90)
	at org.springframework.security.web.header.HeaderWriterFilter.doFilterInternal(HeaderWriterFilter.java:75)
	at org.springframework.web.filter.OncePerRequestFilter.doFilter(OncePerRequestFilter.java:116)
	at org.springframework.security.web.FilterChainProxy$VirtualFilterChain.doFilter(FilterChainProxy.java:374)
	at org.springframework.security.web.context.SecurityContextHolderFilter.doFilter(SecurityContextHolderFilter.java:82)
	at org.springframework.security.web.context.SecurityContextHolderFilter.doFilter(SecurityContextHolderFilter.java:69)
	at org.springframework.security.web.FilterChainProxy$VirtualFilterChain.doFilter(FilterChainProxy.java:374)
	at org.springframework.security.web.context.request.async.WebAsyncManagerIntegrationFilter.doFilterInternal(WebAsyncManagerIntegrationFilter.java:62)
	at org.springframework.web.filter.OncePerRequestFilter.doFilter(OncePerRequestFilter.java:116)
	at org.springframework.security.web.FilterChainProxy$VirtualFilterChain.doFilter(FilterChainProxy.java:374)
	at org.springframework.security.web.access.channel.ChannelProcessingFilter.doFilter(ChannelProcessingFilter.java:133)
	at org.springframework.security.web.FilterChainProxy$VirtualFilterChain.doFilter(FilterChainProxy.java:374)
	at org.springframework.security.web.session.DisableEncodeUrlFilter.doFilterInternal(DisableEncodeUrlFilter.java:42)
	at org.springframework.web.filter.OncePerRequestFilter.doFilter(OncePerRequestFilter.java:116)
	at org.springframework.security.web.FilterChainProxy$VirtualFilterChain.doFilter(FilterChainProxy.java:374)
	at org.springframework.security.web.FilterChainProxy.doFilterInternal(FilterChainProxy.java:233)
	at org.springframework.security.web.FilterChainProxy.doFilter(FilterChainProxy.java:191)
	at org.springframework.web.filter.DelegatingFilterProxy.invokeDelegate(DelegatingFilterProxy.java:352)
	at org.springframework.web.filter.DelegatingFilterProxy.doFilter(DelegatingFilterProxy.java:268)
	at org.apache.catalina.core.ApplicationFilterChain.internalDoFilter(ApplicationFilterChain.java:174)
	at org.apache.catalina.core.ApplicationFilterChain.doFilter(ApplicationFilterChain.java:149)
	at org.springframework.web.filter.RequestContextFilter.doFilterInternal(RequestContextFilter.java:100)
	at org.springframework.web.filter.OncePerRequestFilter.doFilter(OncePerRequestFilter.java:116)
	at org.apache.catalina.core.ApplicationFilterChain.internalDoFilter(ApplicationFilterChain.java:174)
	at org.apache.catalina.core.ApplicationFilterChain.doFilter(ApplicationFilterChain.java:149)
	at org.springframework.web.filter.FormContentFilter.doFilterInternal(FormContentFilter.java:93)
	at org.springframework.web.filter.OncePerRequestFilter.doFilter(OncePerRequestFilter.java:116)
	at org.apache.catalina.core.ApplicationFilterChain.internalDoFilter(ApplicationFilterChain.java:174)
	at org.apache.catalina.core.ApplicationFilterChain.doFilter(ApplicationFilterChain.java:149)
	at org.springframework.web.filter.CharacterEncodingFilter.doFilterInternal(CharacterEncodingFilter.java:201)
	at org.springframework.web.filter.OncePerRequestFilter.doFilter(OncePerRequestFilter.java:116)
	at org.apache.catalina.core.ApplicationFilterChain.internalDoFilter(ApplicationFilterChain.java:174)
	at org.apache.catalina.core.ApplicationFilterChain.doFilter(ApplicationFilterChain.java:149)
	at org.apache.catalina.core.StandardWrapperValve.invoke(StandardWrapperValve.java:167)
	at org.apache.catalina.core.StandardContextValve.invoke(StandardContextValve.java:90)
	at org.apache.catalina.authenticator.AuthenticatorBase.invoke(AuthenticatorBase.java:482)
	at org.apache.catalina.core.StandardHostValve.invoke(StandardHostValve.java:115)
	at org.apache.catalina.valves.ErrorReportValve.invoke(ErrorReportValve.java:93)
	at org.apache.catalina.core.StandardEngineValve.invoke(StandardEngineValve.java:74)
	at org.apache.catalina.connector.CoyoteAdapter.service(CoyoteAdapter.java:340)
	at org.apache.coyote.http2.StreamProcessor.service(StreamProcessor.java:432)
	at org.apache.coyote.AbstractProcessorLight.process(AbstractProcessorLight.java:63)
	at org.apache.coyote.http2.StreamProcessor.process(StreamProcessor.java:90)
	at org.apache.coyote.http2.StreamRunnable.run(StreamRunnable.java:35)
	at org.apache.tomcat.util.threads.ThreadPoolExecutor.runWorker(ThreadPoolExecutor.java:1191)
	at org.apache.tomcat.util.threads.ThreadPoolExecutor$Worker.run(ThreadPoolExecutor.java:659)
	at org.apache.tomcat.util.threads.TaskThread$WrappingRunnable.run(TaskThread.java:61)
	at java.base/java.lang.Thread.run(Thread.java:1570)
Caused by: org.hibernate.exception.ConstraintViolationException: could not execute batch [Cannot delete or update a parent row: a foreign key constraint fails (`tts_database`.`fee_receipts`, CONSTRAINT `FK9653o2jkeirvl18xr7x39x63f` FOREIGN KEY (`installment_id`) REFERENCES `fee_installments` (`id`))] [delete from fee_installments where id=?]
	at org.hibernate.exception.internal.SQLStateConversionDelegate.convert(SQLStateConversionDelegate.java:97)
	at org.hibernate.exception.internal.StandardSQLExceptionConverter.convert(StandardSQLExceptionConverter.java:58)
	at org.hibernate.engine.jdbc.spi.SqlExceptionHelper.convert(SqlExceptionHelper.java:108)
	at org.hibernate.engine.jdbc.batch.internal.BatchImpl.lambda$performExecution$2(BatchImpl.java:287)
	at org.hibernate.engine.jdbc.mutation.internal.PreparedStatementGroupSingleTable.forEachStatement(PreparedStatementGroupSingleTable.java:59)
	at org.hibernate.engine.jdbc.batch.internal.BatchImpl.performExecution(BatchImpl.java:260)
	at org.hibernate.engine.jdbc.batch.internal.BatchImpl.execute(BatchImpl.java:239)
	at org.hibernate.engine.jdbc.internal.JdbcCoordinatorImpl.executeBatch(JdbcCoordinatorImpl.java:188)
	at org.hibernate.engine.spi.ActionQueue.executeActions(ActionQueue.java:659)
	at org.hibernate.engine.spi.ActionQueue.executeActions(ActionQueue.java:498)
	at org.hibernate.event.internal.AbstractFlushingEventListener.performExecutions(AbstractFlushingEventListener.java:363)
	at org.hibernate.event.internal.DefaultFlushEventListener.onFlush(DefaultFlushEventListener.java:39)
	at org.hibernate.event.service.internal.EventListenerGroupImpl.fireEventOnEachListener(EventListenerGroupImpl.java:127)
	at org.hibernate.internal.SessionImpl.doFlush(SessionImpl.java:1415)
	at org.hibernate.internal.SessionImpl.flush(SessionImpl.java:1401)
	at java.base/jdk.internal.reflect.DirectMethodHandleAccessor.invoke(DirectMethodHandleAccessor.java:103)
	at java.base/java.lang.reflect.Method.invoke(Method.java:580)
	at org.springframework.orm.jpa.SharedEntityManagerCreator$SharedEntityManagerInvocationHandler.invoke(SharedEntityManagerCreator.java:311)
	at jdk.proxy4/jdk.proxy4.$Proxy146.flush(Unknown Source)
	at org.springframework.data.jpa.repository.support.SimpleJpaRepository.flush(SimpleJpaRepository.java:663)
	at java.base/jdk.internal.reflect.DirectMethodHandleAccessor.invoke(DirectMethodHandleAccessor.java:103)
	at java.base/java.lang.reflect.Method.invoke(Method.java:580)
	at org.springframework.aop.support.AopUtils.invokeJoinpointUsingReflection(AopUtils.java:352)
	at org.springframework.data.repository.core.support.RepositoryMethodInvoker$RepositoryFragmentMethodInvoker.lambda$new$0(RepositoryMethodInvoker.java:277)
	at org.springframework.data.repository.core.support.RepositoryMethodInvoker.doInvoke(RepositoryMethodInvoker.java:170)
	at org.springframework.data.repository.core.support.RepositoryMethodInvoker.invoke(RepositoryMethodInvoker.java:158)
	at org.springframework.data.repository.core.support.RepositoryComposition$RepositoryFragments.invoke(RepositoryComposition.java:516)
	at org.springframework.data.repository.core.support.RepositoryComposition.invoke(RepositoryComposition.java:285)
	at org.springframework.data.repository.core.support.RepositoryFactorySupport$ImplementationMethodExecutionInterceptor.invoke(RepositoryFactorySupport.java:628)
	at org.springframework.aop.framework.ReflectiveMethodInvocation.proceed(ReflectiveMethodInvocation.java:184)
	at org.springframework.data.repository.core.support.QueryExecutorMethodInterceptor.doInvoke(QueryExecutorMethodInterceptor.java:168)
	at org.springframework.data.repository.core.support.QueryExecutorMethodInterceptor.invoke(QueryExecutorMethodInterceptor.java:143)
	at org.springframework.aop.framework.ReflectiveMethodInvocation.proceed(ReflectiveMethodInvocation.java:184)
	at org.springframework.data.projection.DefaultMethodInvokingMethodInterceptor.invoke(DefaultMethodInvokingMethodInterceptor.java:70)
	at org.springframework.aop.framework.ReflectiveMethodInvocation.proceed(ReflectiveMethodInvocation.java:184)
	at org.springframework.transaction.interceptor.TransactionInterceptor$1.proceedWithInvocation(TransactionInterceptor.java:123)
	at org.springframework.transaction.interceptor.TransactionAspectSupport.invokeWithinTransaction(TransactionAspectSupport.java:385)
	at org.springframework.transaction.interceptor.TransactionInterceptor.invoke(TransactionInterceptor.java:119)
	at org.springframework.aop.framework.ReflectiveMethodInvocation.proceed(ReflectiveMethodInvocation.java:184)
	at org.springframework.dao.support.PersistenceExceptionTranslationInterceptor.invoke(PersistenceExceptionTranslationInterceptor.java:137)
	... 121 common frames omitted
Caused by: java.sql.BatchUpdateException: Cannot delete or update a parent row: a foreign key constraint fails (`tts_database`.`fee_receipts`, CONSTRAINT `FK9653o2jkeirvl18xr7x39x63f` FOREIGN KEY (`installment_id`) REFERENCES `fee_installments` (`id`))
	at com.mysql.cj.jdbc.exceptions.SQLError.createBatchUpdateException(SQLError.java:224)
	at com.mysql.cj.jdbc.ClientPreparedStatement.executeBatchSerially(ClientPreparedStatement.java:816)
	at com.mysql.cj.jdbc.ClientPreparedStatement.executeBatchInternal(ClientPreparedStatement.java:418)
	at com.mysql.cj.jdbc.StatementImpl.executeBatch(StatementImpl.java:795)
	at com.zaxxer.hikari.pool.ProxyStatement.executeBatch(ProxyStatement.java:127)
	at com.zaxxer.hikari.pool.HikariProxyPreparedStatement.executeBatch(HikariProxyPreparedStatement.java)
	at org.hibernate.engine.jdbc.batch.internal.BatchImpl.lambda$performExecution$2(BatchImpl.java:273)
	... 157 common frames omitted
Caused by: java.sql.SQLIntegrityConstraintViolationException: Cannot delete or update a parent row: a foreign key constraint fails (`tts_database`.`fee_receipts`, CONSTRAINT `FK9653o2jkeirvl18xr7x39x63f` FOREIGN KEY (`installment_id`) REFERENCES `fee_installments` (`id`))
	at com.mysql.cj.jdbc.exceptions.SQLError.createSQLException(SQLError.java:118)
	at com.mysql.cj.jdbc.exceptions.SQLExceptionsMapping.translateException(SQLExceptionsMapping.java:122)
	at com.mysql.cj.jdbc.ClientPreparedStatement.executeInternal(ClientPreparedStatement.java:916)
	at com.mysql.cj.jdbc.ClientPreparedStatement.executeUpdateInternal(ClientPreparedStatement.java:1061)
	at com.mysql.cj.jdbc.ClientPreparedStatement.executeBatchSerially(ClientPreparedStatement.java:795)
	... 162 common frames omitted
2025-12-10 11:18:16 [https-jsse-nio-8443-exec-7] INFO  c.t.sms.controller.LayoutController - 🔑 Loading permissions for user: admin (Role: SUPER_ADMIN)
2025-12-10 11:18:16 [https-jsse-nio-8443-exec-7] INFO  c.t.sms.controller.LayoutController - 📋 Found 15 employee-specific permissions
2025-12-10 11:18:16 [https-jsse-nio-8443-exec-7] INFO  c.t.sms.controller.LayoutController - 👥 Found 15 role-based permissions
2025-12-10 11:18:16 [https-jsse-nio-8443-exec-7] INFO  c.t.sms.controller.LayoutController - ✅ User has access to 15 menus: [1, 2, 3, 4, 5, 6, 7, 8, 9, 10, 11, 12, 13, 14, 15]
2025-12-10 11:18:17 [https-jsse-nio-8443-exec-3] WARN  o.s.w.s.m.m.a.ExceptionHandlerExceptionResolver - Resolved [org.springframework.web.servlet.resource.NoResourceFoundException: No static resource appspecific/com.chrome.devtools.json.]
2025-12-10 11:18:18 [https-jsse-nio-8443-exec-3] INFO  c.t.s.s.AdmissionEnhancedService - Fetching active courses
2025-12-10 11:18:18 [https-jsse-nio-8443-exec-7] INFO  c.t.s.s.AdmissionEnhancedService - Fetching active packages with courses
2025-12-10 11:18:18 [https-jsse-nio-8443-exec-2] INFO  c.tts.sms.service.AdmissionService - Retrieved 25 admissions out of 7022 total
2025-12-10 11:18:25 [https-jsse-nio-8443-exec-9] INFO  c.tts.sms.service.AdmissionService - Retrieved admission: Kunal  Patil
2025-12-10 11:18:28 [https-jsse-nio-8443-exec-7] INFO  c.t.s.c.FeesManagerController - DELETE /api/fees-manager/installments/2
2025-12-10 11:18:28 [https-jsse-nio-8443-exec-7] ERROR org.hibernate.orm.jdbc.batch - HHH100501: Exception executing batch [java.sql.BatchUpdateException: Cannot delete or update a parent row: a foreign key constraint fails (`tts_database`.`fee_receipts`, CONSTRAINT `FK9653o2jkeirvl18xr7x39x63f` FOREIGN KEY (`installment_id`) REFERENCES `fee_installments` (`id`))], SQL: delete from fee_installments where id=?
2025-12-10 11:18:28 [https-jsse-nio-8443-exec-7] WARN  o.h.e.jdbc.spi.SqlExceptionHelper - SQL Error: 1451, SQLState: 23000
2025-12-10 11:18:28 [https-jsse-nio-8443-exec-7] ERROR o.h.e.jdbc.spi.SqlExceptionHelper - Cannot delete or update a parent row: a foreign key constraint fails (`tts_database`.`fee_receipts`, CONSTRAINT `FK9653o2jkeirvl18xr7x39x63f` FOREIGN KEY (`installment_id`) REFERENCES `fee_installments` (`id`))
2025-12-10 11:18:28 [https-jsse-nio-8443-exec-7] ERROR c.t.s.c.FeesManagerController - Error deleting installment
org.springframework.dao.DataIntegrityViolationException: could not execute batch [Cannot delete or update a parent row: a foreign key constraint fails (`tts_database`.`fee_receipts`, CONSTRAINT `FK9653o2jkeirvl18xr7x39x63f` FOREIGN KEY (`installment_id`) REFERENCES `fee_installments` (`id`))] [delete from fee_installments where id=?]; SQL [delete from fee_installments where id=?]; constraint [null]
	at org.springframework.orm.jpa.vendor.HibernateJpaDialect.convertHibernateAccessException(HibernateJpaDialect.java:290)
	at org.springframework.orm.jpa.vendor.HibernateJpaDialect.translateExceptionIfPossible(HibernateJpaDialect.java:241)
	at org.springframework.orm.jpa.AbstractEntityManagerFactoryBean.translateExceptionIfPossible(AbstractEntityManagerFactoryBean.java:550)
	at org.springframework.dao.support.ChainedPersistenceExceptionTranslator.translateExceptionIfPossible(ChainedPersistenceExceptionTranslator.java:61)
	at org.springframework.dao.support.DataAccessUtils.translateIfNecessary(DataAccessUtils.java:335)
	at org.springframework.dao.support.PersistenceExceptionTranslationInterceptor.invoke(PersistenceExceptionTranslationInterceptor.java:152)
	at org.springframework.aop.framework.ReflectiveMethodInvocation.proceed(ReflectiveMethodInvocation.java:184)
	at org.springframework.data.jpa.repository.support.CrudMethodMetadataPostProcessor$CrudMethodMetadataPopulatingMethodInterceptor.invoke(CrudMethodMetadataPostProcessor.java:164)
	at org.springframework.aop.framework.ReflectiveMethodInvocation.proceed(ReflectiveMethodInvocation.java:184)
	at org.springframework.aop.interceptor.ExposeInvocationInterceptor.invoke(ExposeInvocationInterceptor.java:97)
	at org.springframework.aop.framework.ReflectiveMethodInvocation.proceed(ReflectiveMethodInvocation.java:184)
	at org.springframework.aop.framework.JdkDynamicAopProxy.invoke(JdkDynamicAopProxy.java:249)
	at jdk.proxy4/jdk.proxy4.$Proxy172.flush(Unknown Source)
	at com.tts.sms.service.FeesManagerService.deleteFeeInstallment(FeesManagerService.java:1231)
	at java.base/jdk.internal.reflect.DirectMethodHandleAccessor.invoke(DirectMethodHandleAccessor.java:103)
	at java.base/java.lang.reflect.Method.invoke(Method.java:580)
	at org.springframework.aop.support.AopUtils.invokeJoinpointUsingReflection(AopUtils.java:352)
	at org.springframework.aop.framework.ReflectiveMethodInvocation.invokeJoinpoint(ReflectiveMethodInvocation.java:196)
	at org.springframework.aop.framework.ReflectiveMethodInvocation.proceed(ReflectiveMethodInvocation.java:163)
	at org.springframework.aop.framework.CglibAopProxy$CglibMethodInvocation.proceed(CglibAopProxy.java:765)
	at org.springframework.transaction.interceptor.TransactionInterceptor$1.proceedWithInvocation(TransactionInterceptor.java:123)
	at org.springframework.transaction.interceptor.TransactionAspectSupport.invokeWithinTransaction(TransactionAspectSupport.java:385)
	at org.springframework.transaction.interceptor.TransactionInterceptor.invoke(TransactionInterceptor.java:119)
	at org.springframework.aop.framework.ReflectiveMethodInvocation.proceed(ReflectiveMethodInvocation.java:184)
	at org.springframework.aop.framework.CglibAopProxy$CglibMethodInvocation.proceed(CglibAopProxy.java:765)
	at org.springframework.aop.framework.CglibAopProxy$DynamicAdvisedInterceptor.intercept(CglibAopProxy.java:717)
	at com.tts.sms.service.FeesManagerService$$SpringCGLIB$$0.deleteFeeInstallment(<generated>)
	at com.tts.sms.controller.FeesManagerController.deleteFeeInstallment(FeesManagerController.java:64)
	at java.base/jdk.internal.reflect.DirectMethodHandleAccessor.invoke(DirectMethodHandleAccessor.java:103)
	at java.base/java.lang.reflect.Method.invoke(Method.java:580)
	at org.springframework.web.method.support.InvocableHandlerMethod.doInvoke(InvocableHandlerMethod.java:254)
	at org.springframework.web.method.support.InvocableHandlerMethod.invokeForRequest(InvocableHandlerMethod.java:182)
	at org.springframework.web.servlet.mvc.method.annotation.ServletInvocableHandlerMethod.invokeAndHandle(ServletInvocableHandlerMethod.java:118)
	at org.springframework.web.servlet.mvc.method.annotation.RequestMappingHandlerAdapter.invokeHandlerMethod(RequestMappingHandlerAdapter.java:917)
	at org.springframework.web.servlet.mvc.method.annotation.RequestMappingHandlerAdapter.handleInternal(RequestMappingHandlerAdapter.java:829)
	at org.springframework.web.servlet.mvc.method.AbstractHandlerMethodAdapter.handle(AbstractHandlerMethodAdapter.java:87)
	at org.springframework.web.servlet.DispatcherServlet.doDispatch(DispatcherServlet.java:1089)
	at org.springframework.web.servlet.DispatcherServlet.doService(DispatcherServlet.java:979)
	at org.springframework.web.servlet.FrameworkServlet.processRequest(FrameworkServlet.java:1014)
	at org.springframework.web.servlet.FrameworkServlet.doDelete(FrameworkServlet.java:936)
	at jakarta.servlet.http.HttpServlet.service(HttpServlet.java:596)
	at org.springframework.web.servlet.FrameworkServlet.service(FrameworkServlet.java:885)
	at jakarta.servlet.http.HttpServlet.service(HttpServlet.java:658)
	at org.apache.catalina.core.ApplicationFilterChain.internalDoFilter(ApplicationFilterChain.java:205)
	at org.apache.catalina.core.ApplicationFilterChain.doFilter(ApplicationFilterChain.java:149)
	at org.apache.tomcat.websocket.server.WsFilter.doFilter(WsFilter.java:51)
	at org.apache.catalina.core.ApplicationFilterChain.internalDoFilter(ApplicationFilterChain.java:174)
	at org.apache.catalina.core.ApplicationFilterChain.doFilter(ApplicationFilterChain.java:149)
	at org.springframework.web.servlet.resource.ResourceUrlEncodingFilter.doFilter(ResourceUrlEncodingFilter.java:66)
	at org.apache.catalina.core.ApplicationFilterChain.internalDoFilter(ApplicationFilterChain.java:174)
	at org.apache.catalina.core.ApplicationFilterChain.doFilter(ApplicationFilterChain.java:149)
	at org.springframework.security.web.FilterChainProxy.lambda$doFilterInternal$3(FilterChainProxy.java:231)
	at org.springframework.security.web.FilterChainProxy$VirtualFilterChain.doFilter(FilterChainProxy.java:365)
	at org.springframework.security.web.access.intercept.AuthorizationFilter.doFilter(AuthorizationFilter.java:100)
	at org.springframework.security.web.FilterChainProxy$VirtualFilterChain.doFilter(FilterChainProxy.java:374)
	at org.springframework.security.web.access.ExceptionTranslationFilter.doFilter(ExceptionTranslationFilter.java:126)
	at org.springframework.security.web.access.ExceptionTranslationFilter.doFilter(ExceptionTranslationFilter.java:120)
	at org.springframework.security.web.FilterChainProxy$VirtualFilterChain.doFilter(FilterChainProxy.java:374)
	at org.springframework.security.web.session.SessionManagementFilter.doFilter(SessionManagementFilter.java:131)
	at org.springframework.security.web.session.SessionManagementFilter.doFilter(SessionManagementFilter.java:85)
	at org.springframework.security.web.FilterChainProxy$VirtualFilterChain.doFilter(FilterChainProxy.java:374)
	at org.springframework.security.web.authentication.AnonymousAuthenticationFilter.doFilter(AnonymousAuthenticationFilter.java:100)
	at org.springframework.security.web.FilterChainProxy$VirtualFilterChain.doFilter(FilterChainProxy.java:374)
	at org.springframework.security.web.servletapi.SecurityContextHolderAwareRequestFilter.doFilter(SecurityContextHolderAwareRequestFilter.java:179)
	at org.springframework.security.web.FilterChainProxy$VirtualFilterChain.doFilter(FilterChainProxy.java:374)
	at org.springframework.security.web.savedrequest.RequestCacheAwareFilter.doFilter(RequestCacheAwareFilter.java:63)
	at org.springframework.security.web.FilterChainProxy$VirtualFilterChain.doFilter(FilterChainProxy.java:374)
	at org.springframework.security.web.authentication.AbstractAuthenticationProcessingFilter.doFilter(AbstractAuthenticationProcessingFilter.java:227)
	at org.springframework.security.web.authentication.AbstractAuthenticationProcessingFilter.doFilter(AbstractAuthenticationProcessingFilter.java:221)
	at org.springframework.security.web.FilterChainProxy$VirtualFilterChain.doFilter(FilterChainProxy.java:374)
	at org.springframework.security.web.authentication.logout.LogoutFilter.doFilter(LogoutFilter.java:107)
	at org.springframework.security.web.authentication.logout.LogoutFilter.doFilter(LogoutFilter.java:93)
	at org.springframework.security.web.FilterChainProxy$VirtualFilterChain.doFilter(FilterChainProxy.java:374)
	at org.springframework.security.web.csrf.CsrfFilter.doFilterInternal(CsrfFilter.java:131)
	at org.springframework.web.filter.OncePerRequestFilter.doFilter(OncePerRequestFilter.java:116)
	at org.springframework.security.web.FilterChainProxy$VirtualFilterChain.doFilter(FilterChainProxy.java:374)
	at org.springframework.web.filter.CorsFilter.doFilterInternal(CorsFilter.java:91)
	at org.springframework.web.filter.OncePerRequestFilter.doFilter(OncePerRequestFilter.java:116)
	at org.springframework.security.web.FilterChainProxy$VirtualFilterChain.doFilter(FilterChainProxy.java:374)
	at org.springframework.security.web.header.HeaderWriterFilter.doHeadersAfter(HeaderWriterFilter.java:90)
	at org.springframework.security.web.header.HeaderWriterFilter.doFilterInternal(HeaderWriterFilter.java:75)
	at org.springframework.web.filter.OncePerRequestFilter.doFilter(OncePerRequestFilter.java:116)
	at org.springframework.security.web.FilterChainProxy$VirtualFilterChain.doFilter(FilterChainProxy.java:374)
	at org.springframework.security.web.context.SecurityContextHolderFilter.doFilter(SecurityContextHolderFilter.java:82)
	at org.springframework.security.web.context.SecurityContextHolderFilter.doFilter(SecurityContextHolderFilter.java:69)
	at org.springframework.security.web.FilterChainProxy$VirtualFilterChain.doFilter(FilterChainProxy.java:374)
	at org.springframework.security.web.context.request.async.WebAsyncManagerIntegrationFilter.doFilterInternal(WebAsyncManagerIntegrationFilter.java:62)
	at org.springframework.web.filter.OncePerRequestFilter.doFilter(OncePerRequestFilter.java:116)
	at org.springframework.security.web.FilterChainProxy$VirtualFilterChain.doFilter(FilterChainProxy.java:374)
	at org.springframework.security.web.access.channel.ChannelProcessingFilter.doFilter(ChannelProcessingFilter.java:133)
	at org.springframework.security.web.FilterChainProxy$VirtualFilterChain.doFilter(FilterChainProxy.java:374)
	at org.springframework.security.web.session.DisableEncodeUrlFilter.doFilterInternal(DisableEncodeUrlFilter.java:42)
	at org.springframework.web.filter.OncePerRequestFilter.doFilter(OncePerRequestFilter.java:116)
	at org.springframework.security.web.FilterChainProxy$VirtualFilterChain.doFilter(FilterChainProxy.java:374)
	at org.springframework.security.web.FilterChainProxy.doFilterInternal(FilterChainProxy.java:233)
	at org.springframework.security.web.FilterChainProxy.doFilter(FilterChainProxy.java:191)
	at org.springframework.web.filter.DelegatingFilterProxy.invokeDelegate(DelegatingFilterProxy.java:352)
	at org.springframework.web.filter.DelegatingFilterProxy.doFilter(DelegatingFilterProxy.java:268)
	at org.apache.catalina.core.ApplicationFilterChain.internalDoFilter(ApplicationFilterChain.java:174)
	at org.apache.catalina.core.ApplicationFilterChain.doFilter(ApplicationFilterChain.java:149)
	at org.springframework.web.filter.RequestContextFilter.doFilterInternal(RequestContextFilter.java:100)
	at org.springframework.web.filter.OncePerRequestFilter.doFilter(OncePerRequestFilter.java:116)
	at org.apache.catalina.core.ApplicationFilterChain.internalDoFilter(ApplicationFilterChain.java:174)
	at org.apache.catalina.core.ApplicationFilterChain.doFilter(ApplicationFilterChain.java:149)
	at org.springframework.web.filter.FormContentFilter.doFilterInternal(FormContentFilter.java:93)
	at org.springframework.web.filter.OncePerRequestFilter.doFilter(OncePerRequestFilter.java:116)
	at org.apache.catalina.core.ApplicationFilterChain.internalDoFilter(ApplicationFilterChain.java:174)
	at org.apache.catalina.core.ApplicationFilterChain.doFilter(ApplicationFilterChain.java:149)
	at org.springframework.web.filter.CharacterEncodingFilter.doFilterInternal(CharacterEncodingFilter.java:201)
	at org.springframework.web.filter.OncePerRequestFilter.doFilter(OncePerRequestFilter.java:116)
	at org.apache.catalina.core.ApplicationFilterChain.internalDoFilter(ApplicationFilterChain.java:174)
	at org.apache.catalina.core.ApplicationFilterChain.doFilter(ApplicationFilterChain.java:149)
	at org.apache.catalina.core.StandardWrapperValve.invoke(StandardWrapperValve.java:167)
	at org.apache.catalina.core.StandardContextValve.invoke(StandardContextValve.java:90)
	at org.apache.catalina.authenticator.AuthenticatorBase.invoke(AuthenticatorBase.java:482)
	at org.apache.catalina.core.StandardHostValve.invoke(StandardHostValve.java:115)
	at org.apache.catalina.valves.ErrorReportValve.invoke(ErrorReportValve.java:93)
	at org.apache.catalina.core.StandardEngineValve.invoke(StandardEngineValve.java:74)
	at org.apache.catalina.connector.CoyoteAdapter.service(CoyoteAdapter.java:340)
	at org.apache.coyote.http2.StreamProcessor.service(StreamProcessor.java:432)
	at org.apache.coyote.AbstractProcessorLight.process(AbstractProcessorLight.java:63)
	at org.apache.coyote.http2.StreamProcessor.process(StreamProcessor.java:90)
	at org.apache.coyote.http2.StreamRunnable.run(StreamRunnable.java:35)
	at org.apache.tomcat.util.threads.ThreadPoolExecutor.runWorker(ThreadPoolExecutor.java:1191)
	at org.apache.tomcat.util.threads.ThreadPoolExecutor$Worker.run(ThreadPoolExecutor.java:659)
	at org.apache.tomcat.util.threads.TaskThread$WrappingRunnable.run(TaskThread.java:61)
	at java.base/java.lang.Thread.run(Thread.java:1570)
Caused by: org.hibernate.exception.ConstraintViolationException: could not execute batch [Cannot delete or update a parent row: a foreign key constraint fails (`tts_database`.`fee_receipts`, CONSTRAINT `FK9653o2jkeirvl18xr7x39x63f` FOREIGN KEY (`installment_id`) REFERENCES `fee_installments` (`id`))] [delete from fee_installments where id=?]
	at org.hibernate.exception.internal.SQLStateConversionDelegate.convert(SQLStateConversionDelegate.java:97)
	at org.hibernate.exception.internal.StandardSQLExceptionConverter.convert(StandardSQLExceptionConverter.java:58)
	at org.hibernate.engine.jdbc.spi.SqlExceptionHelper.convert(SqlExceptionHelper.java:108)
	at org.hibernate.engine.jdbc.batch.internal.BatchImpl.lambda$performExecution$2(BatchImpl.java:287)
	at org.hibernate.engine.jdbc.mutation.internal.PreparedStatementGroupSingleTable.forEachStatement(PreparedStatementGroupSingleTable.java:59)
	at org.hibernate.engine.jdbc.batch.internal.BatchImpl.performExecution(BatchImpl.java:260)
	at org.hibernate.engine.jdbc.batch.internal.BatchImpl.execute(BatchImpl.java:239)
	at org.hibernate.engine.jdbc.internal.JdbcCoordinatorImpl.executeBatch(JdbcCoordinatorImpl.java:188)
	at org.hibernate.engine.spi.ActionQueue.executeActions(ActionQueue.java:659)
	at org.hibernate.engine.spi.ActionQueue.executeActions(ActionQueue.java:498)
	at org.hibernate.event.internal.AbstractFlushingEventListener.performExecutions(AbstractFlushingEventListener.java:363)
	at org.hibernate.event.internal.DefaultFlushEventListener.onFlush(DefaultFlushEventListener.java:39)
	at org.hibernate.event.service.internal.EventListenerGroupImpl.fireEventOnEachListener(EventListenerGroupImpl.java:127)
	at org.hibernate.internal.SessionImpl.doFlush(SessionImpl.java:1415)
	at org.hibernate.internal.SessionImpl.flush(SessionImpl.java:1401)
	at java.base/jdk.internal.reflect.DirectMethodHandleAccessor.invoke(DirectMethodHandleAccessor.java:103)
	at java.base/java.lang.reflect.Method.invoke(Method.java:580)
	at org.springframework.orm.jpa.SharedEntityManagerCreator$SharedEntityManagerInvocationHandler.invoke(SharedEntityManagerCreator.java:311)
	at jdk.proxy4/jdk.proxy4.$Proxy146.flush(Unknown Source)
	at org.springframework.data.jpa.repository.support.SimpleJpaRepository.flush(SimpleJpaRepository.java:663)
	at java.base/jdk.internal.reflect.DirectMethodHandleAccessor.invoke(DirectMethodHandleAccessor.java:103)
	at java.base/java.lang.reflect.Method.invoke(Method.java:580)
	at org.springframework.aop.support.AopUtils.invokeJoinpointUsingReflection(AopUtils.java:352)
	at org.springframework.data.repository.core.support.RepositoryMethodInvoker$RepositoryFragmentMethodInvoker.lambda$new$0(RepositoryMethodInvoker.java:277)
	at org.springframework.data.repository.core.support.RepositoryMethodInvoker.doInvoke(RepositoryMethodInvoker.java:170)
	at org.springframework.data.repository.core.support.RepositoryMethodInvoker.invoke(RepositoryMethodInvoker.java:158)
	at org.springframework.data.repository.core.support.RepositoryComposition$RepositoryFragments.invoke(RepositoryComposition.java:516)
	at org.springframework.data.repository.core.support.RepositoryComposition.invoke(RepositoryComposition.java:285)
	at org.springframework.data.repository.core.support.RepositoryFactorySupport$ImplementationMethodExecutionInterceptor.invoke(RepositoryFactorySupport.java:628)
	at org.springframework.aop.framework.ReflectiveMethodInvocation.proceed(ReflectiveMethodInvocation.java:184)
	at org.springframework.data.repository.core.support.QueryExecutorMethodInterceptor.doInvoke(QueryExecutorMethodInterceptor.java:168)
	at org.springframework.data.repository.core.support.QueryExecutorMethodInterceptor.invoke(QueryExecutorMethodInterceptor.java:143)
	at org.springframework.aop.framework.ReflectiveMethodInvocation.proceed(ReflectiveMethodInvocation.java:184)
	at org.springframework.data.projection.DefaultMethodInvokingMethodInterceptor.invoke(DefaultMethodInvokingMethodInterceptor.java:70)
	at org.springframework.aop.framework.ReflectiveMethodInvocation.proceed(ReflectiveMethodInvocation.java:184)
	at org.springframework.transaction.interceptor.TransactionInterceptor$1.proceedWithInvocation(TransactionInterceptor.java:123)
	at org.springframework.transaction.interceptor.TransactionAspectSupport.invokeWithinTransaction(TransactionAspectSupport.java:385)
	at org.springframework.transaction.interceptor.TransactionInterceptor.invoke(TransactionInterceptor.java:119)
	at org.springframework.aop.framework.ReflectiveMethodInvocation.proceed(ReflectiveMethodInvocation.java:184)
	at org.springframework.dao.support.PersistenceExceptionTranslationInterceptor.invoke(PersistenceExceptionTranslationInterceptor.java:137)
	... 121 common frames omitted
Caused by: java.sql.BatchUpdateException: Cannot delete or update a parent row: a foreign key constraint fails (`tts_database`.`fee_receipts`, CONSTRAINT `FK9653o2jkeirvl18xr7x39x63f` FOREIGN KEY (`installment_id`) REFERENCES `fee_installments` (`id`))
	at com.mysql.cj.jdbc.exceptions.SQLError.createBatchUpdateException(SQLError.java:224)
	at com.mysql.cj.jdbc.ClientPreparedStatement.executeBatchSerially(ClientPreparedStatement.java:816)
	at com.mysql.cj.jdbc.ClientPreparedStatement.executeBatchInternal(ClientPreparedStatement.java:418)
	at com.mysql.cj.jdbc.StatementImpl.executeBatch(StatementImpl.java:795)
	at com.zaxxer.hikari.pool.ProxyStatement.executeBatch(ProxyStatement.java:127)
	at com.zaxxer.hikari.pool.HikariProxyPreparedStatement.executeBatch(HikariProxyPreparedStatement.java)
	at org.hibernate.engine.jdbc.batch.internal.BatchImpl.lambda$performExecution$2(BatchImpl.java:273)
	... 157 common frames omitted
Caused by: java.sql.SQLIntegrityConstraintViolationException: Cannot delete or update a parent row: a foreign key constraint fails (`tts_database`.`fee_receipts`, CONSTRAINT `FK9653o2jkeirvl18xr7x39x63f` FOREIGN KEY (`installment_id`) REFERENCES `fee_installments` (`id`))
	at com.mysql.cj.jdbc.exceptions.SQLError.createSQLException(SQLError.java:118)
	at com.mysql.cj.jdbc.exceptions.SQLExceptionsMapping.translateException(SQLExceptionsMapping.java:122)
	at com.mysql.cj.jdbc.ClientPreparedStatement.executeInternal(ClientPreparedStatement.java:916)
	at com.mysql.cj.jdbc.ClientPreparedStatement.executeUpdateInternal(ClientPreparedStatement.java:1061)
	at com.mysql.cj.jdbc.ClientPreparedStatement.executeBatchSerially(ClientPreparedStatement.java:795)
	... 162 common frames omitted
2025-12-10 11:18:34 [https-jsse-nio-8443-exec-5] INFO  c.t.sms.controller.LayoutController - 🔑 Loading permissions for user: admin (Role: SUPER_ADMIN)
2025-12-10 11:18:34 [https-jsse-nio-8443-exec-5] INFO  c.t.sms.controller.LayoutController - 📋 Found 15 employee-specific permissions
2025-12-10 11:18:34 [https-jsse-nio-8443-exec-5] INFO  c.t.sms.controller.LayoutController - 👥 Found 15 role-based permissions
2025-12-10 11:18:34 [https-jsse-nio-8443-exec-5] INFO  c.t.sms.controller.LayoutController - ✅ User has access to 15 menus: [1, 2, 3, 4, 5, 6, 7, 8, 9, 10, 11, 12, 13, 14, 15]
2025-12-10 11:18:35 [https-jsse-nio-8443-exec-8] WARN  o.s.w.s.m.m.a.ExceptionHandlerExceptionResolver - Resolved [org.springframework.web.servlet.resource.NoResourceFoundException: No static resource appspecific/com.chrome.devtools.json.]
2025-12-10 11:18:35 [https-jsse-nio-8443-exec-6] INFO  c.t.s.c.OnlinePaymentModeController - REST request to get active payment modes
2025-12-10 11:18:35 [https-jsse-nio-8443-exec-3] INFO  c.t.s.c.FeesManagerController - GET /api/fees-manager - page: 0, size: 100000
2025-12-10 11:18:35 [https-jsse-nio-8443-exec-6] INFO  c.t.s.s.OnlinePaymentModeService - Fetching active payment modes
2025-12-10 11:18:35 [https-jsse-nio-8443-exec-5] INFO  c.t.s.s.AdmissionEnhancedService - Fetching active courses
2025-12-10 11:18:42 [https-jsse-nio-8443-exec-9] INFO  c.t.s.c.FeesManagerController - GET /api/fees-manager/receipts/REG8001
2025-12-10 11:18:42 [https-jsse-nio-8443-exec-9] INFO  c.tts.sms.service.FeesManagerService -  Found 6 records in fee_collections (old data)
2025-12-10 11:18:42 [https-jsse-nio-8443-exec-9] INFO  c.tts.sms.service.FeesManagerService - 📊 Total receipts: 6 (New: 0, Old: 6)
2025-12-10 11:18:47 [https-jsse-nio-8443-exec-2] INFO  c.t.s.c.FeesManagerController - GET /api/fees-manager/installments/REG8001
2025-12-10 11:18:49 [https-jsse-nio-8443-exec-6] INFO  c.t.s.c.FeesManagerController - DELETE /api/fees-manager/installments/2
2025-12-10 11:18:49 [https-jsse-nio-8443-exec-6] ERROR org.hibernate.orm.jdbc.batch - HHH100501: Exception executing batch [java.sql.BatchUpdateException: Cannot delete or update a parent row: a foreign key constraint fails (`tts_database`.`fee_receipts`, CONSTRAINT `FK9653o2jkeirvl18xr7x39x63f` FOREIGN KEY (`installment_id`) REFERENCES `fee_installments` (`id`))], SQL: delete from fee_installments where id=?
2025-12-10 11:18:49 [https-jsse-nio-8443-exec-6] WARN  o.h.e.jdbc.spi.SqlExceptionHelper - SQL Error: 1451, SQLState: 23000
2025-12-10 11:18:49 [https-jsse-nio-8443-exec-6] ERROR o.h.e.jdbc.spi.SqlExceptionHelper - Cannot delete or update a parent row: a foreign key constraint fails (`tts_database`.`fee_receipts`, CONSTRAINT `FK9653o2jkeirvl18xr7x39x63f` FOREIGN KEY (`installment_id`) REFERENCES `fee_installments` (`id`))
2025-12-10 11:18:49 [https-jsse-nio-8443-exec-6] ERROR c.t.s.c.FeesManagerController - Error deleting installment
org.springframework.dao.DataIntegrityViolationException: could not execute batch [Cannot delete or update a parent row: a foreign key constraint fails (`tts_database`.`fee_receipts`, CONSTRAINT `FK9653o2jkeirvl18xr7x39x63f` FOREIGN KEY (`installment_id`) REFERENCES `fee_installments` (`id`))] [delete from fee_installments where id=?]; SQL [delete from fee_installments where id=?]; constraint [null]
	at org.springframework.orm.jpa.vendor.HibernateJpaDialect.convertHibernateAccessException(HibernateJpaDialect.java:290)
	at org.springframework.orm.jpa.vendor.HibernateJpaDialect.translateExceptionIfPossible(HibernateJpaDialect.java:241)
	at org.springframework.orm.jpa.AbstractEntityManagerFactoryBean.translateExceptionIfPossible(AbstractEntityManagerFactoryBean.java:550)
	at org.springframework.dao.support.ChainedPersistenceExceptionTranslator.translateExceptionIfPossible(ChainedPersistenceExceptionTranslator.java:61)
	at org.springframework.dao.support.DataAccessUtils.translateIfNecessary(DataAccessUtils.java:335)
	at org.springframework.dao.support.PersistenceExceptionTranslationInterceptor.invoke(PersistenceExceptionTranslationInterceptor.java:152)
	at org.springframework.aop.framework.ReflectiveMethodInvocation.proceed(ReflectiveMethodInvocation.java:184)
	at org.springframework.data.jpa.repository.support.CrudMethodMetadataPostProcessor$CrudMethodMetadataPopulatingMethodInterceptor.invoke(CrudMethodMetadataPostProcessor.java:164)
	at org.springframework.aop.framework.ReflectiveMethodInvocation.proceed(ReflectiveMethodInvocation.java:184)
	at org.springframework.aop.interceptor.ExposeInvocationInterceptor.invoke(ExposeInvocationInterceptor.java:97)
	at org.springframework.aop.framework.ReflectiveMethodInvocation.proceed(ReflectiveMethodInvocation.java:184)
	at org.springframework.aop.framework.JdkDynamicAopProxy.invoke(JdkDynamicAopProxy.java:249)
	at jdk.proxy4/jdk.proxy4.$Proxy172.flush(Unknown Source)
	at com.tts.sms.service.FeesManagerService.deleteFeeInstallment(FeesManagerService.java:1231)
	at java.base/jdk.internal.reflect.DirectMethodHandleAccessor.invoke(DirectMethodHandleAccessor.java:103)
	at java.base/java.lang.reflect.Method.invoke(Method.java:580)
	at org.springframework.aop.support.AopUtils.invokeJoinpointUsingReflection(AopUtils.java:352)
	at org.springframework.aop.framework.ReflectiveMethodInvocation.invokeJoinpoint(ReflectiveMethodInvocation.java:196)
	at org.springframework.aop.framework.ReflectiveMethodInvocation.proceed(ReflectiveMethodInvocation.java:163)
	at org.springframework.aop.framework.CglibAopProxy$CglibMethodInvocation.proceed(CglibAopProxy.java:765)
	at org.springframework.transaction.interceptor.TransactionInterceptor$1.proceedWithInvocation(TransactionInterceptor.java:123)
	at org.springframework.transaction.interceptor.TransactionAspectSupport.invokeWithinTransaction(TransactionAspectSupport.java:385)
	at org.springframework.transaction.interceptor.TransactionInterceptor.invoke(TransactionInterceptor.java:119)
	at org.springframework.aop.framework.ReflectiveMethodInvocation.proceed(ReflectiveMethodInvocation.java:184)
	at org.springframework.aop.framework.CglibAopProxy$CglibMethodInvocation.proceed(CglibAopProxy.java:765)
	at org.springframework.aop.framework.CglibAopProxy$DynamicAdvisedInterceptor.intercept(CglibAopProxy.java:717)
	at com.tts.sms.service.FeesManagerService$$SpringCGLIB$$0.deleteFeeInstallment(<generated>)
	at com.tts.sms.controller.FeesManagerController.deleteFeeInstallment(FeesManagerController.java:64)
	at java.base/jdk.internal.reflect.DirectMethodHandleAccessor.invoke(DirectMethodHandleAccessor.java:103)
	at java.base/java.lang.reflect.Method.invoke(Method.java:580)
	at org.springframework.web.method.support.InvocableHandlerMethod.doInvoke(InvocableHandlerMethod.java:254)
	at org.springframework.web.method.support.InvocableHandlerMethod.invokeForRequest(InvocableHandlerMethod.java:182)
	at org.springframework.web.servlet.mvc.method.annotation.ServletInvocableHandlerMethod.invokeAndHandle(ServletInvocableHandlerMethod.java:118)
	at org.springframework.web.servlet.mvc.method.annotation.RequestMappingHandlerAdapter.invokeHandlerMethod(RequestMappingHandlerAdapter.java:917)
	at org.springframework.web.servlet.mvc.method.annotation.RequestMappingHandlerAdapter.handleInternal(RequestMappingHandlerAdapter.java:829)
	at org.springframework.web.servlet.mvc.method.AbstractHandlerMethodAdapter.handle(AbstractHandlerMethodAdapter.java:87)
	at org.springframework.web.servlet.DispatcherServlet.doDispatch(DispatcherServlet.java:1089)
	at org.springframework.web.servlet.DispatcherServlet.doService(DispatcherServlet.java:979)
	at org.springframework.web.servlet.FrameworkServlet.processRequest(FrameworkServlet.java:1014)
	at org.springframework.web.servlet.FrameworkServlet.doDelete(FrameworkServlet.java:936)
	at jakarta.servlet.http.HttpServlet.service(HttpServlet.java:596)
	at org.springframework.web.servlet.FrameworkServlet.service(FrameworkServlet.java:885)
	at jakarta.servlet.http.HttpServlet.service(HttpServlet.java:658)
	at org.apache.catalina.core.ApplicationFilterChain.internalDoFilter(ApplicationFilterChain.java:205)
	at org.apache.catalina.core.ApplicationFilterChain.doFilter(ApplicationFilterChain.java:149)
	at org.apache.tomcat.websocket.server.WsFilter.doFilter(WsFilter.java:51)
	at org.apache.catalina.core.ApplicationFilterChain.internalDoFilter(ApplicationFilterChain.java:174)
	at org.apache.catalina.core.ApplicationFilterChain.doFilter(ApplicationFilterChain.java:149)
	at org.springframework.web.servlet.resource.ResourceUrlEncodingFilter.doFilter(ResourceUrlEncodingFilter.java:66)
	at org.apache.catalina.core.ApplicationFilterChain.internalDoFilter(ApplicationFilterChain.java:174)
	at org.apache.catalina.core.ApplicationFilterChain.doFilter(ApplicationFilterChain.java:149)
	at org.springframework.security.web.FilterChainProxy.lambda$doFilterInternal$3(FilterChainProxy.java:231)
	at org.springframework.security.web.FilterChainProxy$VirtualFilterChain.doFilter(FilterChainProxy.java:365)
	at org.springframework.security.web.access.intercept.AuthorizationFilter.doFilter(AuthorizationFilter.java:100)
	at org.springframework.security.web.FilterChainProxy$VirtualFilterChain.doFilter(FilterChainProxy.java:374)
	at org.springframework.security.web.access.ExceptionTranslationFilter.doFilter(ExceptionTranslationFilter.java:126)
	at org.springframework.security.web.access.ExceptionTranslationFilter.doFilter(ExceptionTranslationFilter.java:120)
	at org.springframework.security.web.FilterChainProxy$VirtualFilterChain.doFilter(FilterChainProxy.java:374)
	at org.springframework.security.web.session.SessionManagementFilter.doFilter(SessionManagementFilter.java:131)
	at org.springframework.security.web.session.SessionManagementFilter.doFilter(SessionManagementFilter.java:85)
	at org.springframework.security.web.FilterChainProxy$VirtualFilterChain.doFilter(FilterChainProxy.java:374)
	at org.springframework.security.web.authentication.AnonymousAuthenticationFilter.doFilter(AnonymousAuthenticationFilter.java:100)
	at org.springframework.security.web.FilterChainProxy$VirtualFilterChain.doFilter(FilterChainProxy.java:374)
	at org.springframework.security.web.servletapi.SecurityContextHolderAwareRequestFilter.doFilter(SecurityContextHolderAwareRequestFilter.java:179)
	at org.springframework.security.web.FilterChainProxy$VirtualFilterChain.doFilter(FilterChainProxy.java:374)
	at org.springframework.security.web.savedrequest.RequestCacheAwareFilter.doFilter(RequestCacheAwareFilter.java:63)
	at org.springframework.security.web.FilterChainProxy$VirtualFilterChain.doFilter(FilterChainProxy.java:374)
	at org.springframework.security.web.authentication.AbstractAuthenticationProcessingFilter.doFilter(AbstractAuthenticationProcessingFilter.java:227)
	at org.springframework.security.web.authentication.AbstractAuthenticationProcessingFilter.doFilter(AbstractAuthenticationProcessingFilter.java:221)
	at org.springframework.security.web.FilterChainProxy$VirtualFilterChain.doFilter(FilterChainProxy.java:374)
	at org.springframework.security.web.authentication.logout.LogoutFilter.doFilter(LogoutFilter.java:107)
	at org.springframework.security.web.authentication.logout.LogoutFilter.doFilter(LogoutFilter.java:93)
	at org.springframework.security.web.FilterChainProxy$VirtualFilterChain.doFilter(FilterChainProxy.java:374)
	at org.springframework.security.web.csrf.CsrfFilter.doFilterInternal(CsrfFilter.java:131)
	at org.springframework.web.filter.OncePerRequestFilter.doFilter(OncePerRequestFilter.java:116)
	at org.springframework.security.web.FilterChainProxy$VirtualFilterChain.doFilter(FilterChainProxy.java:374)
	at org.springframework.web.filter.CorsFilter.doFilterInternal(CorsFilter.java:91)
	at org.springframework.web.filter.OncePerRequestFilter.doFilter(OncePerRequestFilter.java:116)
	at org.springframework.security.web.FilterChainProxy$VirtualFilterChain.doFilter(FilterChainProxy.java:374)
	at org.springframework.security.web.header.HeaderWriterFilter.doHeadersAfter(HeaderWriterFilter.java:90)
	at org.springframework.security.web.header.HeaderWriterFilter.doFilterInternal(HeaderWriterFilter.java:75)
	at org.springframework.web.filter.OncePerRequestFilter.doFilter(OncePerRequestFilter.java:116)
	at org.springframework.security.web.FilterChainProxy$VirtualFilterChain.doFilter(FilterChainProxy.java:374)
	at org.springframework.security.web.context.SecurityContextHolderFilter.doFilter(SecurityContextHolderFilter.java:82)
	at org.springframework.security.web.context.SecurityContextHolderFilter.doFilter(SecurityContextHolderFilter.java:69)
	at org.springframework.security.web.FilterChainProxy$VirtualFilterChain.doFilter(FilterChainProxy.java:374)
	at org.springframework.security.web.context.request.async.WebAsyncManagerIntegrationFilter.doFilterInternal(WebAsyncManagerIntegrationFilter.java:62)
	at org.springframework.web.filter.OncePerRequestFilter.doFilter(OncePerRequestFilter.java:116)
	at org.springframework.security.web.FilterChainProxy$VirtualFilterChain.doFilter(FilterChainProxy.java:374)
	at org.springframework.security.web.access.channel.ChannelProcessingFilter.doFilter(ChannelProcessingFilter.java:133)
	at org.springframework.security.web.FilterChainProxy$VirtualFilterChain.doFilter(FilterChainProxy.java:374)
	at org.springframework.security.web.session.DisableEncodeUrlFilter.doFilterInternal(DisableEncodeUrlFilter.java:42)
	at org.springframework.web.filter.OncePerRequestFilter.doFilter(OncePerRequestFilter.java:116)
	at org.springframework.security.web.FilterChainProxy$VirtualFilterChain.doFilter(FilterChainProxy.java:374)
	at org.springframework.security.web.FilterChainProxy.doFilterInternal(FilterChainProxy.java:233)
	at org.springframework.security.web.FilterChainProxy.doFilter(FilterChainProxy.java:191)
	at org.springframework.web.filter.DelegatingFilterProxy.invokeDelegate(DelegatingFilterProxy.java:352)
	at org.springframework.web.filter.DelegatingFilterProxy.doFilter(DelegatingFilterProxy.java:268)
	at org.apache.catalina.core.ApplicationFilterChain.internalDoFilter(ApplicationFilterChain.java:174)
	at org.apache.catalina.core.ApplicationFilterChain.doFilter(ApplicationFilterChain.java:149)
	at org.springframework.web.filter.RequestContextFilter.doFilterInternal(RequestContextFilter.java:100)
	at org.springframework.web.filter.OncePerRequestFilter.doFilter(OncePerRequestFilter.java:116)
	at org.apache.catalina.core.ApplicationFilterChain.internalDoFilter(ApplicationFilterChain.java:174)
	at org.apache.catalina.core.ApplicationFilterChain.doFilter(ApplicationFilterChain.java:149)
	at org.springframework.web.filter.FormContentFilter.doFilterInternal(FormContentFilter.java:93)
	at org.springframework.web.filter.OncePerRequestFilter.doFilter(OncePerRequestFilter.java:116)
	at org.apache.catalina.core.ApplicationFilterChain.internalDoFilter(ApplicationFilterChain.java:174)
	at org.apache.catalina.core.ApplicationFilterChain.doFilter(ApplicationFilterChain.java:149)
	at org.springframework.web.filter.CharacterEncodingFilter.doFilterInternal(CharacterEncodingFilter.java:201)
	at org.springframework.web.filter.OncePerRequestFilter.doFilter(OncePerRequestFilter.java:116)
	at org.apache.catalina.core.ApplicationFilterChain.internalDoFilter(ApplicationFilterChain.java:174)
	at org.apache.catalina.core.ApplicationFilterChain.doFilter(ApplicationFilterChain.java:149)
	at org.apache.catalina.core.StandardWrapperValve.invoke(StandardWrapperValve.java:167)
	at org.apache.catalina.core.StandardContextValve.invoke(StandardContextValve.java:90)
	at org.apache.catalina.authenticator.AuthenticatorBase.invoke(AuthenticatorBase.java:482)
	at org.apache.catalina.core.StandardHostValve.invoke(StandardHostValve.java:115)
	at org.apache.catalina.valves.ErrorReportValve.invoke(ErrorReportValve.java:93)
	at org.apache.catalina.core.StandardEngineValve.invoke(StandardEngineValve.java:74)
	at org.apache.catalina.connector.CoyoteAdapter.service(CoyoteAdapter.java:340)
	at org.apache.coyote.http2.StreamProcessor.service(StreamProcessor.java:432)
	at org.apache.coyote.AbstractProcessorLight.process(AbstractProcessorLight.java:63)
	at org.apache.coyote.http2.StreamProcessor.process(StreamProcessor.java:90)
	at org.apache.coyote.http2.StreamRunnable.run(StreamRunnable.java:35)
	at org.apache.tomcat.util.threads.ThreadPoolExecutor.runWorker(ThreadPoolExecutor.java:1191)
	at org.apache.tomcat.util.threads.ThreadPoolExecutor$Worker.run(ThreadPoolExecutor.java:659)
	at org.apache.tomcat.util.threads.TaskThread$WrappingRunnable.run(TaskThread.java:61)
	at java.base/java.lang.Thread.run(Thread.java:1570)
Caused by: org.hibernate.exception.ConstraintViolationException: could not execute batch [Cannot delete or update a parent row: a foreign key constraint fails (`tts_database`.`fee_receipts`, CONSTRAINT `FK9653o2jkeirvl18xr7x39x63f` FOREIGN KEY (`installment_id`) REFERENCES `fee_installments` (`id`))] [delete from fee_installments where id=?]
	at org.hibernate.exception.internal.SQLStateConversionDelegate.convert(SQLStateConversionDelegate.java:97)
	at org.hibernate.exception.internal.StandardSQLExceptionConverter.convert(StandardSQLExceptionConverter.java:58)
	at org.hibernate.engine.jdbc.spi.SqlExceptionHelper.convert(SqlExceptionHelper.java:108)
	at org.hibernate.engine.jdbc.batch.internal.BatchImpl.lambda$performExecution$2(BatchImpl.java:287)
	at org.hibernate.engine.jdbc.mutation.internal.PreparedStatementGroupSingleTable.forEachStatement(PreparedStatementGroupSingleTable.java:59)
	at org.hibernate.engine.jdbc.batch.internal.BatchImpl.performExecution(BatchImpl.java:260)
	at org.hibernate.engine.jdbc.batch.internal.BatchImpl.execute(BatchImpl.java:239)
	at org.hibernate.engine.jdbc.internal.JdbcCoordinatorImpl.executeBatch(JdbcCoordinatorImpl.java:188)
	at org.hibernate.engine.spi.ActionQueue.executeActions(ActionQueue.java:659)
	at org.hibernate.engine.spi.ActionQueue.executeActions(ActionQueue.java:498)
	at org.hibernate.event.internal.AbstractFlushingEventListener.performExecutions(AbstractFlushingEventListener.java:363)
	at org.hibernate.event.internal.DefaultFlushEventListener.onFlush(DefaultFlushEventListener.java:39)
	at org.hibernate.event.service.internal.EventListenerGroupImpl.fireEventOnEachListener(EventListenerGroupImpl.java:127)
	at org.hibernate.internal.SessionImpl.doFlush(SessionImpl.java:1415)
	at org.hibernate.internal.SessionImpl.flush(SessionImpl.java:1401)
	at java.base/jdk.internal.reflect.DirectMethodHandleAccessor.invoke(DirectMethodHandleAccessor.java:103)
	at java.base/java.lang.reflect.Method.invoke(Method.java:580)
	at org.springframework.orm.jpa.SharedEntityManagerCreator$SharedEntityManagerInvocationHandler.invoke(SharedEntityManagerCreator.java:311)
	at jdk.proxy4/jdk.proxy4.$Proxy146.flush(Unknown Source)
	at org.springframework.data.jpa.repository.support.SimpleJpaRepository.flush(SimpleJpaRepository.java:663)
	at java.base/jdk.internal.reflect.DirectMethodHandleAccessor.invoke(DirectMethodHandleAccessor.java:103)
	at java.base/java.lang.reflect.Method.invoke(Method.java:580)
	at org.springframework.aop.support.AopUtils.invokeJoinpointUsingReflection(AopUtils.java:352)
	at org.springframework.data.repository.core.support.RepositoryMethodInvoker$RepositoryFragmentMethodInvoker.lambda$new$0(RepositoryMethodInvoker.java:277)
	at org.springframework.data.repository.core.support.RepositoryMethodInvoker.doInvoke(RepositoryMethodInvoker.java:170)
	at org.springframework.data.repository.core.support.RepositoryMethodInvoker.invoke(RepositoryMethodInvoker.java:158)
	at org.springframework.data.repository.core.support.RepositoryComposition$RepositoryFragments.invoke(RepositoryComposition.java:516)
	at org.springframework.data.repository.core.support.RepositoryComposition.invoke(RepositoryComposition.java:285)
	at org.springframework.data.repository.core.support.RepositoryFactorySupport$ImplementationMethodExecutionInterceptor.invoke(RepositoryFactorySupport.java:628)
	at org.springframework.aop.framework.ReflectiveMethodInvocation.proceed(ReflectiveMethodInvocation.java:184)
	at org.springframework.data.repository.core.support.QueryExecutorMethodInterceptor.doInvoke(QueryExecutorMethodInterceptor.java:168)
	at org.springframework.data.repository.core.support.QueryExecutorMethodInterceptor.invoke(QueryExecutorMethodInterceptor.java:143)
	at org.springframework.aop.framework.ReflectiveMethodInvocation.proceed(ReflectiveMethodInvocation.java:184)
	at org.springframework.data.projection.DefaultMethodInvokingMethodInterceptor.invoke(DefaultMethodInvokingMethodInterceptor.java:70)
	at org.springframework.aop.framework.ReflectiveMethodInvocation.proceed(ReflectiveMethodInvocation.java:184)
	at org.springframework.transaction.interceptor.TransactionInterceptor$1.proceedWithInvocation(TransactionInterceptor.java:123)
	at org.springframework.transaction.interceptor.TransactionAspectSupport.invokeWithinTransaction(TransactionAspectSupport.java:385)
	at org.springframework.transaction.interceptor.TransactionInterceptor.invoke(TransactionInterceptor.java:119)
	at org.springframework.aop.framework.ReflectiveMethodInvocation.proceed(ReflectiveMethodInvocation.java:184)
	at org.springframework.dao.support.PersistenceExceptionTranslationInterceptor.invoke(PersistenceExceptionTranslationInterceptor.java:137)
	... 121 common frames omitted
Caused by: java.sql.BatchUpdateException: Cannot delete or update a parent row: a foreign key constraint fails (`tts_database`.`fee_receipts`, CONSTRAINT `FK9653o2jkeirvl18xr7x39x63f` FOREIGN KEY (`installment_id`) REFERENCES `fee_installments` (`id`))
	at com.mysql.cj.jdbc.exceptions.SQLError.createBatchUpdateException(SQLError.java:224)
	at com.mysql.cj.jdbc.ClientPreparedStatement.executeBatchSerially(ClientPreparedStatement.java:816)
	at com.mysql.cj.jdbc.ClientPreparedStatement.executeBatchInternal(ClientPreparedStatement.java:418)
	at com.mysql.cj.jdbc.StatementImpl.executeBatch(StatementImpl.java:795)
	at com.zaxxer.hikari.pool.ProxyStatement.executeBatch(ProxyStatement.java:127)
	at com.zaxxer.hikari.pool.HikariProxyPreparedStatement.executeBatch(HikariProxyPreparedStatement.java)
	at org.hibernate.engine.jdbc.batch.internal.BatchImpl.lambda$performExecution$2(BatchImpl.java:273)
	... 157 common frames omitted
Caused by: java.sql.SQLIntegrityConstraintViolationException: Cannot delete or update a parent row: a foreign key constraint fails (`tts_database`.`fee_receipts`, CONSTRAINT `FK9653o2jkeirvl18xr7x39x63f` FOREIGN KEY (`installment_id`) REFERENCES `fee_installments` (`id`))
	at com.mysql.cj.jdbc.exceptions.SQLError.createSQLException(SQLError.java:118)
	at com.mysql.cj.jdbc.exceptions.SQLExceptionsMapping.translateException(SQLExceptionsMapping.java:122)
	at com.mysql.cj.jdbc.ClientPreparedStatement.executeInternal(ClientPreparedStatement.java:916)
	at com.mysql.cj.jdbc.ClientPreparedStatement.executeUpdateInternal(ClientPreparedStatement.java:1061)
	at com.mysql.cj.jdbc.ClientPreparedStatement.executeBatchSerially(ClientPreparedStatement.java:795)
	... 162 common frames omitted
2025-12-10 11:25:25 [SpringApplicationShutdownHook] INFO  o.s.o.j.LocalContainerEntityManagerFactoryBean - Closing JPA EntityManagerFactory for persistence unit 'default'
2025-12-10 11:26:16 [restartedMain] INFO  com.tts.sms.SmsApplication - Starting SmsApplication using Java 22.0.2 with PID 6324 (D:\tts-sms\sms\target\classes started by KUNAL in D:\tts-sms\sms)
2025-12-10 11:26:16 [restartedMain] INFO  com.tts.sms.SmsApplication - The following 1 profile is active: "prod"
2025-12-10 11:26:18 [restartedMain] INFO  o.s.b.d.e.DevToolsPropertyDefaultsPostProcessor - Devtools property defaults active! Set 'spring.devtools.add-properties' to 'false' to disable
2025-12-10 11:26:18 [restartedMain] INFO  o.s.b.d.e.DevToolsPropertyDefaultsPostProcessor - For additional web related logging consider setting the 'logging.level.web' property to 'DEBUG'
2025-12-10 11:26:24 [restartedMain] INFO  o.s.d.r.c.RepositoryConfigurationDelegate - Bootstrapping Spring Data JPA repositories in DEFAULT mode.
2025-12-10 11:26:25 [restartedMain] INFO  o.s.d.r.c.RepositoryConfigurationDelegate - Finished Spring Data repository scanning in 709 ms. Found 23 JPA repository interfaces.
2025-12-10 11:26:31 [restartedMain] INFO  com.tts.sms.config.WebConfig - 🔒 HTTPS/SSL is ENABLED - Production mode
2025-12-10 11:26:32 [restartedMain] INFO  com.tts.sms.config.WebConfig - 🔧 Configuring MIME type mappings for production
2025-12-10 11:26:32 [restartedMain] INFO  com.tts.sms.config.WebConfig -  MIME type mappings configured for production with UTF-8
2025-12-10 11:26:33 [restartedMain] INFO  o.s.b.w.e.tomcat.TomcatWebServer - Tomcat initialized with port 8443 (https)
2025-12-10 11:26:34 [restartedMain] INFO  o.s.b.w.s.c.ServletWebServerApplicationContext - Root WebApplicationContext: initialization completed in 15563 ms
2025-12-10 11:26:34 [restartedMain] WARN  o.a.c.c.C.[Tomcat].[localhost].[/] - Cannot deserialize session attribute [SPRING_SECURITY_CONTEXT] for session [4561E137B12FC73336BB4C6EACAA8269]
2025-12-10 11:26:34 [restartedMain] ERROR o.a.catalina.session.StandardManager - Exception loading sessions from persistent storage
java.lang.ClassCastException: class java.io.ObjectStreamClass cannot be cast to class java.lang.String (java.io.ObjectStreamClass and java.lang.String are in module java.base of loader 'bootstrap')
	at java.base/java.io.ObjectInputStream.readTypeString(ObjectInputStream.java:1824)
	at java.base/java.io.ObjectStreamClass.readNonProxy(ObjectStreamClass.java:709)
	at java.base/java.io.ObjectInputStream.readClassDescriptor(ObjectInputStream.java:999)
	at java.base/java.io.ObjectInputStream.readNonProxyDesc(ObjectInputStream.java:2035)
	at java.base/java.io.ObjectInputStream.readClassDesc(ObjectInputStream.java:1912)
	at java.base/java.io.ObjectInputStream.readOrdinaryObject(ObjectInputStream.java:2237)
	at java.base/java.io.ObjectInputStream.readObject0(ObjectInputStream.java:1747)
	at java.base/java.io.ObjectInputStream.readObject(ObjectInputStream.java:525)
	at java.base/java.io.ObjectInputStream.readObject(ObjectInputStream.java:483)
	at org.apache.catalina.session.StandardSession.doReadObject(StandardSession.java:1415)
	at org.apache.catalina.session.StandardSession.readObjectData(StandardSession.java:985)
	at org.apache.catalina.session.StandardManager.doLoad(StandardManager.java:210)
	at org.apache.catalina.session.StandardManager.load(StandardManager.java:156)
	at org.apache.catalina.session.StandardManager.startInternal(StandardManager.java:346)
	at org.apache.catalina.util.LifecycleBase.start(LifecycleBase.java:171)
	at org.apache.catalina.core.StandardContext.startInternal(StandardContext.java:4877)
	at org.apache.catalina.util.LifecycleBase.start(LifecycleBase.java:171)
	at org.apache.catalina.core.ContainerBase$StartChild.call(ContainerBase.java:1332)
	at org.apache.catalina.core.ContainerBase$StartChild.call(ContainerBase.java:1322)
	at java.base/java.util.concurrent.FutureTask.run(FutureTask.java:317)
	at org.apache.tomcat.util.threads.InlineExecutorService.execute(InlineExecutorService.java:75)
	at java.base/java.util.concurrent.AbstractExecutorService.submit(AbstractExecutorService.java:145)
	at org.apache.catalina.core.ContainerBase.startInternal(ContainerBase.java:866)
	at org.apache.catalina.core.StandardHost.startInternal(StandardHost.java:845)
	at org.apache.catalina.util.LifecycleBase.start(LifecycleBase.java:171)
	at org.apache.catalina.core.ContainerBase$StartChild.call(ContainerBase.java:1332)
	at org.apache.catalina.core.ContainerBase$StartChild.call(ContainerBase.java:1322)
	at java.base/java.util.concurrent.FutureTask.run(FutureTask.java:317)
	at org.apache.tomcat.util.threads.InlineExecutorService.execute(InlineExecutorService.java:75)
	at java.base/java.util.concurrent.AbstractExecutorService.submit(AbstractExecutorService.java:145)
	at org.apache.catalina.core.ContainerBase.startInternal(ContainerBase.java:866)
	at org.apache.catalina.core.StandardEngine.startInternal(StandardEngine.java:240)
	at org.apache.catalina.util.LifecycleBase.start(LifecycleBase.java:171)
	at org.apache.catalina.core.StandardService.startInternal(StandardService.java:433)
	at org.apache.catalina.util.LifecycleBase.start(LifecycleBase.java:171)
	at org.apache.catalina.core.StandardServer.startInternal(StandardServer.java:917)
	at org.apache.catalina.util.LifecycleBase.start(LifecycleBase.java:171)
	at org.apache.catalina.startup.Tomcat.start(Tomcat.java:488)
	at org.springframework.boot.web.embedded.tomcat.TomcatWebServer.initialize(TomcatWebServer.java:123)
	at org.springframework.boot.web.embedded.tomcat.TomcatWebServer.<init>(TomcatWebServer.java:104)
	at org.springframework.boot.web.embedded.tomcat.TomcatServletWebServerFactory.getTomcatWebServer(TomcatServletWebServerFactory.java:501)
	at org.springframework.boot.web.embedded.tomcat.TomcatServletWebServerFactory.getWebServer(TomcatServletWebServerFactory.java:218)
	at org.springframework.boot.web.servlet.context.ServletWebServerApplicationContext.createWebServer(ServletWebServerApplicationContext.java:188)
	at org.springframework.boot.web.servlet.context.ServletWebServerApplicationContext.onRefresh(ServletWebServerApplicationContext.java:162)
	at org.springframework.context.support.AbstractApplicationContext.refresh(AbstractApplicationContext.java:610)
	at org.springframework.boot.web.servlet.context.ServletWebServerApplicationContext.refresh(ServletWebServerApplicationContext.java:146)
	at org.springframework.boot.SpringApplication.refresh(SpringApplication.java:753)
	at org.springframework.boot.SpringApplication.refreshContext(SpringApplication.java:455)
	at org.springframework.boot.SpringApplication.run(SpringApplication.java:323)
	at com.tts.sms.SmsApplication.main(SmsApplication.java:29)
	at java.base/jdk.internal.reflect.DirectMethodHandleAccessor.invoke(DirectMethodHandleAccessor.java:103)
	at java.base/java.lang.reflect.Method.invoke(Method.java:580)
	at org.springframework.boot.devtools.restart.RestartLauncher.run(RestartLauncher.java:50)
2025-12-10 11:26:39 [restartedMain] WARN  org.hibernate.orm.deprecation - HHH90000025: MariaDB103Dialect does not need to be specified explicitly using 'hibernate.dialect' (remove the property setting and it will be selected by default)
2025-12-10 11:26:39 [restartedMain] WARN  org.hibernate.orm.deprecation - HHH90000026: MariaDB103Dialect has been deprecated; use org.hibernate.dialect.MariaDBDialect instead
2025-12-10 11:26:40 [restartedMain] INFO  o.s.o.j.p.SpringPersistenceUnitInfo - No LoadTimeWeaver setup: ignoring JPA class transformer
2025-12-10 11:26:49 [restartedMain] INFO  o.s.o.j.LocalContainerEntityManagerFactoryBean - Initialized JPA EntityManagerFactory for persistence unit 'default'
2025-12-10 11:26:49 [restartedMain] INFO  c.tts.sms.config.ApplicationConfig - Application timezone set to: Asia/Kolkata (India Standard Time)
2025-12-10 11:26:49 [restartedMain] INFO  c.tts.sms.config.ApplicationConfig - Current time in IST: 2025-12-10T11:26:49.461727400+05:30[Asia/Kolkata]
2025-12-10 11:26:49 [restartedMain] INFO  c.tts.sms.config.ApplicationConfig - ===========================================
2025-12-10 11:26:49 [restartedMain] INFO  c.tts.sms.config.ApplicationConfig - Database Configuration:
2025-12-10 11:26:49 [restartedMain] INFO  c.tts.sms.config.ApplicationConfig - - Auto-create enabled: createDatabaseIfNotExist=true
2025-12-10 11:26:49 [restartedMain] INFO  c.tts.sms.config.ApplicationConfig - - Timezone: Asia/Kolkata (IST)
2025-12-10 11:26:49 [restartedMain] INFO  c.tts.sms.config.ApplicationConfig - - DDL Auto: update (will create tables automatically)
2025-12-10 11:26:49 [restartedMain] INFO  c.tts.sms.config.ApplicationConfig - ===========================================
2025-12-10 11:26:50 [restartedMain] INFO  o.s.d.j.r.query.QueryEnhancerFactory - Hibernate is in classpath; If applicable, HQL parser will be used.
2025-12-10 11:27:06 [restartedMain] INFO  c.tts.sms.service.FileStorageService - 📏 Max file size: 5242880 bytes (5MB)
2025-12-10 11:27:06 [restartedMain] INFO  c.tts.sms.service.FileStorageService - 📝 Allowed extensions: [jpg, jpeg, png, gif, webp]
2025-12-10 11:27:09 [restartedMain] INFO  c.t.s.c.ContentNegotiationConfig - 🔧 Configuring Content Negotiation for HTTPS Production
2025-12-10 11:27:09 [restartedMain] INFO  c.t.s.c.ContentNegotiationConfig - ✅ Content Negotiation configured for HTTPS production
2025-12-10 11:27:10 [restartedMain] INFO  com.tts.sms.config.SecurityConfig - Configuring security with FULL CSRF protection…
2025-12-10 11:27:10 [restartedMain] INFO  com.tts.sms.config.SecurityConfig - Configuring CORS with allowed origins: https://team.ttsnashik.com,https://www.ttsnashik.com
2025-12-10 11:27:10 [restartedMain] INFO  c.t.s.c.ContentNegotiationConfig - ✅ Path matching configured for production
2025-12-10 11:27:10 [restartedMain] INFO  c.t.sms.config.SecurityHeadersConfig - ✅ Security headers interceptor registered (SSL: true)
2025-12-10 11:27:10 [restartedMain] INFO  com.tts.sms.config.WebConfig - 🌐 Configuring CORS for production
2025-12-10 11:27:10 [restartedMain] INFO  com.tts.sms.config.WebConfig -  CORS configured for /api/** endpoints
2025-12-10 11:27:11 [restartedMain] INFO  com.tts.sms.config.WebConfig - 📦 Configuring resource handlers for HTTPS production
2025-12-10 11:27:11 [restartedMain] INFO  com.tts.sms.config.WebConfig -  Resource handlers configured with Google Analytics support
2025-12-10 11:27:11 [restartedMain] INFO  com.tts.sms.config.WebConfig -  Resource handlers configured for production
2025-12-10 11:27:11 [restartedMain] INFO  com.tts.sms.config.WebConfig -  Course images: D:\tts-sms\sms\.\uploads\courses
2025-12-10 11:27:11 [restartedMain] INFO  com.tts.sms.config.WebConfig -  CSV uploads: D:\tts-sms\sms\.\uploads\csv
2025-12-10 11:27:12 [restartedMain] INFO  o.s.s.w.a.c.ChannelProcessingFilter - Validated configuration attributes
2025-12-10 11:27:12 [restartedMain] INFO  o.s.s.web.DefaultSecurityFilterChain - Will secure any request with [org.springframework.security.web.session.DisableEncodeUrlFilter@7ea84576, org.springframework.security.web.access.channel.ChannelProcessingFilter@50b20c68, org.springframework.security.web.context.request.async.WebAsyncManagerIntegrationFilter@f81c9d, org.springframework.security.web.context.SecurityContextHolderFilter@6f5a52c8, org.springframework.security.web.header.HeaderWriterFilter@8f4b7fd, org.springframework.web.filter.CorsFilter@2f2f1b8d, org.springframework.security.web.csrf.CsrfFilter@184784d5, org.springframework.security.web.authentication.logout.LogoutFilter@3eedf359, org.springframework.security.web.authentication.UsernamePasswordAuthenticationFilter@12609d60, org.springframework.security.web.savedrequest.RequestCacheAwareFilter@20f807c5, org.springframework.security.web.servletapi.SecurityContextHolderAwareRequestFilter@6899500c, org.springframework.security.web.authentication.AnonymousAuthenticationFilter@5f1abc8a, org.springframework.security.web.session.SessionManagementFilter@7a6c0d58, org.springframework.security.web.access.ExceptionTranslationFilter@2e415d4a, org.springframework.security.web.access.intercept.AuthorizationFilter@2ceab3c9]
2025-12-10 11:27:13 [restartedMain] INFO  o.s.b.d.a.OptionalLiveReloadServer - LiveReload server is running on port 35729
2025-12-10 11:27:14 [restartedMain] INFO  o.s.b.w.e.tomcat.TomcatWebServer - Tomcat started on port 8443 (https) with context path ''
2025-12-10 11:27:15 [restartedMain] INFO  com.tts.sms.SmsApplication - Started SmsApplication in 62.47 seconds (process running for 67.529)
2025-12-10 11:27:15 [restartedMain] INFO  com.tts.sms.config.CourseDataLoader - ✅ Courses already exist in database. Skipping data initialization.
2025-12-10 11:27:15 [restartedMain] INFO  c.t.sms.config.LeadSourceDataLoader - Lead source data already exists. Skipping default data load.
2025-12-10 11:27:15 [restartedMain] INFO  com.tts.sms.config.BankDataLoader - Bank data already exists. Skipping default data load.
2025-12-10 11:27:15 [restartedMain] INFO  com.tts.sms.config.DataLoader -  Super Admin already exists
2025-12-10 11:27:15 [restartedMain] INFO  com.tts.sms.config.UserDataLoader - ✅ Default admin user already exists
2025-12-10 11:27:15 [restartedMain] INFO  com.tts.sms.SmsApplication - 
------------------------------------------------------------
   Application 'tts-sms' is running!
   Local:      http://localhost:8443
   External:   http://172.27.224.1:8443
   Active Profiles: prod
------------------------------------------------------------
2025-12-10 11:28:03 [https-jsse-nio-8443-exec-10] WARN  o.s.w.s.h.HandlerMappingIntrospector - Cache miss for REQUEST dispatch to '/accounts/fees-manager' (previous null). Performing MatchableHandlerMapping lookup. This is logged once only at WARN level, and every time at TRACE.
2025-12-10 11:29:10 [https-jsse-nio-8443-exec-3] INFO  c.t.sms.controller.LayoutController - 🔑 Loading permissions for user: admin (Role: SUPER_ADMIN)
2025-12-10 11:29:10 [https-jsse-nio-8443-exec-3] INFO  c.t.sms.controller.LayoutController - 📋 Found 15 employee-specific permissions
2025-12-10 11:29:10 [https-jsse-nio-8443-exec-3] INFO  c.t.sms.controller.LayoutController - 👥 Found 15 role-based permissions
2025-12-10 11:29:10 [https-jsse-nio-8443-exec-3] INFO  c.t.sms.controller.LayoutController - ✅ User has access to 15 menus: [1, 2, 3, 4, 5, 6, 7, 8, 9, 10, 11, 12, 13, 14, 15]
2025-12-10 11:29:12 [https-jsse-nio-8443-exec-3] INFO  c.tts.sms.service.DashboardService -  Total Fees: New Students (REG*): ₹141250.0, Old Students: ₹7.0871346E7, Total: ₹7.1012596E7
2025-12-10 11:29:14 [https-jsse-nio-8443-exec-5] WARN  o.s.w.s.m.m.a.ExceptionHandlerExceptionResolver - Resolved [org.springframework.web.servlet.resource.NoResourceFoundException: No static resource appspecific/com.chrome.devtools.json.]
2025-12-10 11:29:15 [https-jsse-nio-8443-exec-7] INFO  c.t.s.c.DashboardRestController - GET /api/dashboard/stats
2025-12-10 11:29:16 [https-jsse-nio-8443-exec-3] INFO  c.t.s.c.DashboardRestController - GET /api/dashboard/course-distribution
2025-12-10 11:29:16 [https-jsse-nio-8443-exec-5] INFO  c.t.s.c.DashboardRestController - GET /api/dashboard/revenue-chart - period: 6M
2025-12-10 11:29:16 [https-jsse-nio-8443-exec-5] INFO  c.tts.sms.service.DashboardService -  Revenue chart for 6M: 7 data points, Total: ₹6408750.0 (New: 1, Old: 805)
2025-12-10 11:29:19 [https-jsse-nio-8443-exec-1] INFO  c.t.sms.controller.LayoutController - 🔑 Loading permissions for user: admin (Role: SUPER_ADMIN)
2025-12-10 11:29:19 [https-jsse-nio-8443-exec-1] INFO  c.t.sms.controller.LayoutController - 📋 Found 15 employee-specific permissions
2025-12-10 11:29:19 [https-jsse-nio-8443-exec-1] INFO  c.t.sms.controller.LayoutController - 👥 Found 15 role-based permissions
2025-12-10 11:29:19 [https-jsse-nio-8443-exec-1] INFO  c.t.sms.controller.LayoutController - ✅ User has access to 15 menus: [1, 2, 3, 4, 5, 6, 7, 8, 9, 10, 11, 12, 13, 14, 15]
2025-12-10 11:29:20 [https-jsse-nio-8443-exec-3] INFO  c.tts.sms.service.DashboardService - Course distribution: 10 courses found
2025-12-10 11:29:20 [https-jsse-nio-8443-exec-7] INFO  c.tts.sms.service.DashboardService -  Total Fees: New Students (REG*): ₹141250.0, Old Students: ₹7.0871346E7, Total: ₹7.1012596E7
2025-12-10 11:29:20 [https-jsse-nio-8443-exec-8] WARN  o.s.w.s.m.m.a.ExceptionHandlerExceptionResolver - Resolved [org.springframework.web.servlet.resource.NoResourceFoundException: No static resource appspecific/com.chrome.devtools.json.]
2025-12-10 11:29:21 [https-jsse-nio-8443-exec-3] INFO  c.t.s.c.OnlinePaymentModeController - REST request to get active payment modes
2025-12-10 11:29:21 [https-jsse-nio-8443-exec-1] INFO  c.t.s.c.FeesManagerController - GET /api/fees-manager - page: 0, size: 100000
2025-12-10 11:29:21 [https-jsse-nio-8443-exec-3] INFO  c.t.s.s.OnlinePaymentModeService - Fetching active payment modes
2025-12-10 11:29:21 [https-jsse-nio-8443-exec-8] INFO  c.t.s.s.AdmissionEnhancedService - Fetching active courses
2025-12-10 11:29:34 [https-jsse-nio-8443-exec-9] INFO  c.t.s.c.FeesManagerController - GET /api/fees-manager/installments/REG8001
2025-12-10 11:29:36 [https-jsse-nio-8443-exec-1] INFO  c.t.s.c.FeesManagerController - DELETE /api/fees-manager/installments/2
2025-12-10 11:29:36 [https-jsse-nio-8443-exec-1] ERROR org.hibernate.orm.jdbc.batch - HHH100501: Exception executing batch [java.sql.BatchUpdateException: Cannot delete or update a parent row: a foreign key constraint fails (`tts_database`.`fee_receipts`, CONSTRAINT `FK9653o2jkeirvl18xr7x39x63f` FOREIGN KEY (`installment_id`) REFERENCES `fee_installments` (`id`))], SQL: delete from fee_installments where id=?
2025-12-10 11:29:36 [https-jsse-nio-8443-exec-1] WARN  o.h.e.jdbc.spi.SqlExceptionHelper - SQL Error: 1451, SQLState: 23000
2025-12-10 11:29:36 [https-jsse-nio-8443-exec-1] ERROR o.h.e.jdbc.spi.SqlExceptionHelper - Cannot delete or update a parent row: a foreign key constraint fails (`tts_database`.`fee_receipts`, CONSTRAINT `FK9653o2jkeirvl18xr7x39x63f` FOREIGN KEY (`installment_id`) REFERENCES `fee_installments` (`id`))
2025-12-10 11:29:36 [https-jsse-nio-8443-exec-1] ERROR c.t.s.c.FeesManagerController - Error deleting installment
org.springframework.dao.DataIntegrityViolationException: could not execute batch [Cannot delete or update a parent row: a foreign key constraint fails (`tts_database`.`fee_receipts`, CONSTRAINT `FK9653o2jkeirvl18xr7x39x63f` FOREIGN KEY (`installment_id`) REFERENCES `fee_installments` (`id`))] [delete from fee_installments where id=?]; SQL [delete from fee_installments where id=?]; constraint [null]
	at org.springframework.orm.jpa.vendor.HibernateJpaDialect.convertHibernateAccessException(HibernateJpaDialect.java:290)
	at org.springframework.orm.jpa.vendor.HibernateJpaDialect.translateExceptionIfPossible(HibernateJpaDialect.java:241)
	at org.springframework.orm.jpa.AbstractEntityManagerFactoryBean.translateExceptionIfPossible(AbstractEntityManagerFactoryBean.java:550)
	at org.springframework.dao.support.ChainedPersistenceExceptionTranslator.translateExceptionIfPossible(ChainedPersistenceExceptionTranslator.java:61)
	at org.springframework.dao.support.DataAccessUtils.translateIfNecessary(DataAccessUtils.java:335)
	at org.springframework.dao.support.PersistenceExceptionTranslationInterceptor.invoke(PersistenceExceptionTranslationInterceptor.java:152)
	at org.springframework.aop.framework.ReflectiveMethodInvocation.proceed(ReflectiveMethodInvocation.java:184)
	at org.springframework.data.jpa.repository.support.CrudMethodMetadataPostProcessor$CrudMethodMetadataPopulatingMethodInterceptor.invoke(CrudMethodMetadataPostProcessor.java:164)
	at org.springframework.aop.framework.ReflectiveMethodInvocation.proceed(ReflectiveMethodInvocation.java:184)
	at org.springframework.aop.interceptor.ExposeInvocationInterceptor.invoke(ExposeInvocationInterceptor.java:97)
	at org.springframework.aop.framework.ReflectiveMethodInvocation.proceed(ReflectiveMethodInvocation.java:184)
	at org.springframework.aop.framework.JdkDynamicAopProxy.invoke(JdkDynamicAopProxy.java:249)
	at jdk.proxy4/jdk.proxy4.$Proxy172.flush(Unknown Source)
	at com.tts.sms.service.FeesManagerService.deleteFeeInstallment(FeesManagerService.java:1243)
	at java.base/jdk.internal.reflect.DirectMethodHandleAccessor.invoke(DirectMethodHandleAccessor.java:103)
	at java.base/java.lang.reflect.Method.invoke(Method.java:580)
	at org.springframework.aop.support.AopUtils.invokeJoinpointUsingReflection(AopUtils.java:352)
	at org.springframework.aop.framework.ReflectiveMethodInvocation.invokeJoinpoint(ReflectiveMethodInvocation.java:196)
	at org.springframework.aop.framework.ReflectiveMethodInvocation.proceed(ReflectiveMethodInvocation.java:163)
	at org.springframework.aop.framework.CglibAopProxy$CglibMethodInvocation.proceed(CglibAopProxy.java:765)
	at org.springframework.transaction.interceptor.TransactionInterceptor$1.proceedWithInvocation(TransactionInterceptor.java:123)
	at org.springframework.transaction.interceptor.TransactionAspectSupport.invokeWithinTransaction(TransactionAspectSupport.java:385)
	at org.springframework.transaction.interceptor.TransactionInterceptor.invoke(TransactionInterceptor.java:119)
	at org.springframework.aop.framework.ReflectiveMethodInvocation.proceed(ReflectiveMethodInvocation.java:184)
	at org.springframework.aop.framework.CglibAopProxy$CglibMethodInvocation.proceed(CglibAopProxy.java:765)
	at org.springframework.aop.framework.CglibAopProxy$DynamicAdvisedInterceptor.intercept(CglibAopProxy.java:717)
	at com.tts.sms.service.FeesManagerService$$SpringCGLIB$$0.deleteFeeInstallment(<generated>)
	at com.tts.sms.controller.FeesManagerController.deleteFeeInstallment(FeesManagerController.java:64)
	at java.base/jdk.internal.reflect.DirectMethodHandleAccessor.invoke(DirectMethodHandleAccessor.java:103)
	at java.base/java.lang.reflect.Method.invoke(Method.java:580)
	at org.springframework.web.method.support.InvocableHandlerMethod.doInvoke(InvocableHandlerMethod.java:254)
	at org.springframework.web.method.support.InvocableHandlerMethod.invokeForRequest(InvocableHandlerMethod.java:182)
	at org.springframework.web.servlet.mvc.method.annotation.ServletInvocableHandlerMethod.invokeAndHandle(ServletInvocableHandlerMethod.java:118)
	at org.springframework.web.servlet.mvc.method.annotation.RequestMappingHandlerAdapter.invokeHandlerMethod(RequestMappingHandlerAdapter.java:917)
	at org.springframework.web.servlet.mvc.method.annotation.RequestMappingHandlerAdapter.handleInternal(RequestMappingHandlerAdapter.java:829)
	at org.springframework.web.servlet.mvc.method.AbstractHandlerMethodAdapter.handle(AbstractHandlerMethodAdapter.java:87)
	at org.springframework.web.servlet.DispatcherServlet.doDispatch(DispatcherServlet.java:1089)
	at org.springframework.web.servlet.DispatcherServlet.doService(DispatcherServlet.java:979)
	at org.springframework.web.servlet.FrameworkServlet.processRequest(FrameworkServlet.java:1014)
	at org.springframework.web.servlet.FrameworkServlet.doDelete(FrameworkServlet.java:936)
	at jakarta.servlet.http.HttpServlet.service(HttpServlet.java:596)
	at org.springframework.web.servlet.FrameworkServlet.service(FrameworkServlet.java:885)
	at jakarta.servlet.http.HttpServlet.service(HttpServlet.java:658)
	at org.apache.catalina.core.ApplicationFilterChain.internalDoFilter(ApplicationFilterChain.java:205)
	at org.apache.catalina.core.ApplicationFilterChain.doFilter(ApplicationFilterChain.java:149)
	at org.apache.tomcat.websocket.server.WsFilter.doFilter(WsFilter.java:51)
	at org.apache.catalina.core.ApplicationFilterChain.internalDoFilter(ApplicationFilterChain.java:174)
	at org.apache.catalina.core.ApplicationFilterChain.doFilter(ApplicationFilterChain.java:149)
	at org.springframework.web.servlet.resource.ResourceUrlEncodingFilter.doFilter(ResourceUrlEncodingFilter.java:66)
	at org.apache.catalina.core.ApplicationFilterChain.internalDoFilter(ApplicationFilterChain.java:174)
	at org.apache.catalina.core.ApplicationFilterChain.doFilter(ApplicationFilterChain.java:149)
	at org.springframework.security.web.FilterChainProxy.lambda$doFilterInternal$3(FilterChainProxy.java:231)
	at org.springframework.security.web.FilterChainProxy$VirtualFilterChain.doFilter(FilterChainProxy.java:365)
	at org.springframework.security.web.access.intercept.AuthorizationFilter.doFilter(AuthorizationFilter.java:100)
	at org.springframework.security.web.FilterChainProxy$VirtualFilterChain.doFilter(FilterChainProxy.java:374)
	at org.springframework.security.web.access.ExceptionTranslationFilter.doFilter(ExceptionTranslationFilter.java:126)
	at org.springframework.security.web.access.ExceptionTranslationFilter.doFilter(ExceptionTranslationFilter.java:120)
	at org.springframework.security.web.FilterChainProxy$VirtualFilterChain.doFilter(FilterChainProxy.java:374)
	at org.springframework.security.web.session.SessionManagementFilter.doFilter(SessionManagementFilter.java:131)
	at org.springframework.security.web.session.SessionManagementFilter.doFilter(SessionManagementFilter.java:85)
	at org.springframework.security.web.FilterChainProxy$VirtualFilterChain.doFilter(FilterChainProxy.java:374)
	at org.springframework.security.web.authentication.AnonymousAuthenticationFilter.doFilter(AnonymousAuthenticationFilter.java:100)
	at org.springframework.security.web.FilterChainProxy$VirtualFilterChain.doFilter(FilterChainProxy.java:374)
	at org.springframework.security.web.servletapi.SecurityContextHolderAwareRequestFilter.doFilter(SecurityContextHolderAwareRequestFilter.java:179)
	at org.springframework.security.web.FilterChainProxy$VirtualFilterChain.doFilter(FilterChainProxy.java:374)
	at org.springframework.security.web.savedrequest.RequestCacheAwareFilter.doFilter(RequestCacheAwareFilter.java:63)
	at org.springframework.security.web.FilterChainProxy$VirtualFilterChain.doFilter(FilterChainProxy.java:374)
	at org.springframework.security.web.authentication.AbstractAuthenticationProcessingFilter.doFilter(AbstractAuthenticationProcessingFilter.java:227)
	at org.springframework.security.web.authentication.AbstractAuthenticationProcessingFilter.doFilter(AbstractAuthenticationProcessingFilter.java:221)
	at org.springframework.security.web.FilterChainProxy$VirtualFilterChain.doFilter(FilterChainProxy.java:374)
	at org.springframework.security.web.authentication.logout.LogoutFilter.doFilter(LogoutFilter.java:107)
	at org.springframework.security.web.authentication.logout.LogoutFilter.doFilter(LogoutFilter.java:93)
	at org.springframework.security.web.FilterChainProxy$VirtualFilterChain.doFilter(FilterChainProxy.java:374)
	at org.springframework.security.web.csrf.CsrfFilter.doFilterInternal(CsrfFilter.java:131)
	at org.springframework.web.filter.OncePerRequestFilter.doFilter(OncePerRequestFilter.java:116)
	at org.springframework.security.web.FilterChainProxy$VirtualFilterChain.doFilter(FilterChainProxy.java:374)
	at org.springframework.web.filter.CorsFilter.doFilterInternal(CorsFilter.java:91)
	at org.springframework.web.filter.OncePerRequestFilter.doFilter(OncePerRequestFilter.java:116)
	at org.springframework.security.web.FilterChainProxy$VirtualFilterChain.doFilter(FilterChainProxy.java:374)
	at org.springframework.security.web.header.HeaderWriterFilter.doHeadersAfter(HeaderWriterFilter.java:90)
	at org.springframework.security.web.header.HeaderWriterFilter.doFilterInternal(HeaderWriterFilter.java:75)
	at org.springframework.web.filter.OncePerRequestFilter.doFilter(OncePerRequestFilter.java:116)
	at org.springframework.security.web.FilterChainProxy$VirtualFilterChain.doFilter(FilterChainProxy.java:374)
	at org.springframework.security.web.context.SecurityContextHolderFilter.doFilter(SecurityContextHolderFilter.java:82)
	at org.springframework.security.web.context.SecurityContextHolderFilter.doFilter(SecurityContextHolderFilter.java:69)
	at org.springframework.security.web.FilterChainProxy$VirtualFilterChain.doFilter(FilterChainProxy.java:374)
	at org.springframework.security.web.context.request.async.WebAsyncManagerIntegrationFilter.doFilterInternal(WebAsyncManagerIntegrationFilter.java:62)
	at org.springframework.web.filter.OncePerRequestFilter.doFilter(OncePerRequestFilter.java:116)
	at org.springframework.security.web.FilterChainProxy$VirtualFilterChain.doFilter(FilterChainProxy.java:374)
	at org.springframework.security.web.access.channel.ChannelProcessingFilter.doFilter(ChannelProcessingFilter.java:133)
	at org.springframework.security.web.FilterChainProxy$VirtualFilterChain.doFilter(FilterChainProxy.java:374)
	at org.springframework.security.web.session.DisableEncodeUrlFilter.doFilterInternal(DisableEncodeUrlFilter.java:42)
	at org.springframework.web.filter.OncePerRequestFilter.doFilter(OncePerRequestFilter.java:116)
	at org.springframework.security.web.FilterChainProxy$VirtualFilterChain.doFilter(FilterChainProxy.java:374)
	at org.springframework.security.web.FilterChainProxy.doFilterInternal(FilterChainProxy.java:233)
	at org.springframework.security.web.FilterChainProxy.doFilter(FilterChainProxy.java:191)
	at org.springframework.web.filter.DelegatingFilterProxy.invokeDelegate(DelegatingFilterProxy.java:352)
	at org.springframework.web.filter.DelegatingFilterProxy.doFilter(DelegatingFilterProxy.java:268)
	at org.apache.catalina.core.ApplicationFilterChain.internalDoFilter(ApplicationFilterChain.java:174)
	at org.apache.catalina.core.ApplicationFilterChain.doFilter(ApplicationFilterChain.java:149)
	at org.springframework.web.filter.RequestContextFilter.doFilterInternal(RequestContextFilter.java:100)
	at org.springframework.web.filter.OncePerRequestFilter.doFilter(OncePerRequestFilter.java:116)
	at org.apache.catalina.core.ApplicationFilterChain.internalDoFilter(ApplicationFilterChain.java:174)
	at org.apache.catalina.core.ApplicationFilterChain.doFilter(ApplicationFilterChain.java:149)
	at org.springframework.web.filter.FormContentFilter.doFilterInternal(FormContentFilter.java:93)
	at org.springframework.web.filter.OncePerRequestFilter.doFilter(OncePerRequestFilter.java:116)
	at org.apache.catalina.core.ApplicationFilterChain.internalDoFilter(ApplicationFilterChain.java:174)
	at org.apache.catalina.core.ApplicationFilterChain.doFilter(ApplicationFilterChain.java:149)
	at org.springframework.web.filter.CharacterEncodingFilter.doFilterInternal(CharacterEncodingFilter.java:201)
	at org.springframework.web.filter.OncePerRequestFilter.doFilter(OncePerRequestFilter.java:116)
	at org.apache.catalina.core.ApplicationFilterChain.internalDoFilter(ApplicationFilterChain.java:174)
	at org.apache.catalina.core.ApplicationFilterChain.doFilter(ApplicationFilterChain.java:149)
	at org.apache.catalina.core.StandardWrapperValve.invoke(StandardWrapperValve.java:167)
	at org.apache.catalina.core.StandardContextValve.invoke(StandardContextValve.java:90)
	at org.apache.catalina.authenticator.AuthenticatorBase.invoke(AuthenticatorBase.java:482)
	at org.apache.catalina.core.StandardHostValve.invoke(StandardHostValve.java:115)
	at org.apache.catalina.valves.ErrorReportValve.invoke(ErrorReportValve.java:93)
	at org.apache.catalina.core.StandardEngineValve.invoke(StandardEngineValve.java:74)
	at org.apache.catalina.connector.CoyoteAdapter.service(CoyoteAdapter.java:340)
	at org.apache.coyote.http2.StreamProcessor.service(StreamProcessor.java:432)
	at org.apache.coyote.AbstractProcessorLight.process(AbstractProcessorLight.java:63)
	at org.apache.coyote.http2.StreamProcessor.process(StreamProcessor.java:90)
	at org.apache.coyote.http2.StreamRunnable.run(StreamRunnable.java:35)
	at org.apache.tomcat.util.threads.ThreadPoolExecutor.runWorker(ThreadPoolExecutor.java:1191)
	at org.apache.tomcat.util.threads.ThreadPoolExecutor$Worker.run(ThreadPoolExecutor.java:659)
	at org.apache.tomcat.util.threads.TaskThread$WrappingRunnable.run(TaskThread.java:61)
	at java.base/java.lang.Thread.run(Thread.java:1570)
Caused by: org.hibernate.exception.ConstraintViolationException: could not execute batch [Cannot delete or update a parent row: a foreign key constraint fails (`tts_database`.`fee_receipts`, CONSTRAINT `FK9653o2jkeirvl18xr7x39x63f` FOREIGN KEY (`installment_id`) REFERENCES `fee_installments` (`id`))] [delete from fee_installments where id=?]
	at org.hibernate.exception.internal.SQLStateConversionDelegate.convert(SQLStateConversionDelegate.java:97)
	at org.hibernate.exception.internal.StandardSQLExceptionConverter.convert(StandardSQLExceptionConverter.java:58)
	at org.hibernate.engine.jdbc.spi.SqlExceptionHelper.convert(SqlExceptionHelper.java:108)
	at org.hibernate.engine.jdbc.batch.internal.BatchImpl.lambda$performExecution$2(BatchImpl.java:287)
	at org.hibernate.engine.jdbc.mutation.internal.PreparedStatementGroupSingleTable.forEachStatement(PreparedStatementGroupSingleTable.java:59)
	at org.hibernate.engine.jdbc.batch.internal.BatchImpl.performExecution(BatchImpl.java:260)
	at org.hibernate.engine.jdbc.batch.internal.BatchImpl.execute(BatchImpl.java:239)
	at org.hibernate.engine.jdbc.internal.JdbcCoordinatorImpl.executeBatch(JdbcCoordinatorImpl.java:188)
	at org.hibernate.engine.spi.ActionQueue.executeActions(ActionQueue.java:659)
	at org.hibernate.engine.spi.ActionQueue.executeActions(ActionQueue.java:498)
	at org.hibernate.event.internal.AbstractFlushingEventListener.performExecutions(AbstractFlushingEventListener.java:363)
	at org.hibernate.event.internal.DefaultFlushEventListener.onFlush(DefaultFlushEventListener.java:39)
	at org.hibernate.event.service.internal.EventListenerGroupImpl.fireEventOnEachListener(EventListenerGroupImpl.java:127)
	at org.hibernate.internal.SessionImpl.doFlush(SessionImpl.java:1415)
	at org.hibernate.internal.SessionImpl.flush(SessionImpl.java:1401)
	at java.base/jdk.internal.reflect.DirectMethodHandleAccessor.invoke(DirectMethodHandleAccessor.java:103)
	at java.base/java.lang.reflect.Method.invoke(Method.java:580)
	at org.springframework.orm.jpa.SharedEntityManagerCreator$SharedEntityManagerInvocationHandler.invoke(SharedEntityManagerCreator.java:311)
	at jdk.proxy4/jdk.proxy4.$Proxy146.flush(Unknown Source)
	at org.springframework.data.jpa.repository.support.SimpleJpaRepository.flush(SimpleJpaRepository.java:663)
	at java.base/jdk.internal.reflect.DirectMethodHandleAccessor.invoke(DirectMethodHandleAccessor.java:103)
	at java.base/java.lang.reflect.Method.invoke(Method.java:580)
	at org.springframework.aop.support.AopUtils.invokeJoinpointUsingReflection(AopUtils.java:352)
	at org.springframework.data.repository.core.support.RepositoryMethodInvoker$RepositoryFragmentMethodInvoker.lambda$new$0(RepositoryMethodInvoker.java:277)
	at org.springframework.data.repository.core.support.RepositoryMethodInvoker.doInvoke(RepositoryMethodInvoker.java:170)
	at org.springframework.data.repository.core.support.RepositoryMethodInvoker.invoke(RepositoryMethodInvoker.java:158)
	at org.springframework.data.repository.core.support.RepositoryComposition$RepositoryFragments.invoke(RepositoryComposition.java:516)
	at org.springframework.data.repository.core.support.RepositoryComposition.invoke(RepositoryComposition.java:285)
	at org.springframework.data.repository.core.support.RepositoryFactorySupport$ImplementationMethodExecutionInterceptor.invoke(RepositoryFactorySupport.java:628)
	at org.springframework.aop.framework.ReflectiveMethodInvocation.proceed(ReflectiveMethodInvocation.java:184)
	at org.springframework.data.repository.core.support.QueryExecutorMethodInterceptor.doInvoke(QueryExecutorMethodInterceptor.java:168)
	at org.springframework.data.repository.core.support.QueryExecutorMethodInterceptor.invoke(QueryExecutorMethodInterceptor.java:143)
	at org.springframework.aop.framework.ReflectiveMethodInvocation.proceed(ReflectiveMethodInvocation.java:184)
	at org.springframework.data.projection.DefaultMethodInvokingMethodInterceptor.invoke(DefaultMethodInvokingMethodInterceptor.java:70)
	at org.springframework.aop.framework.ReflectiveMethodInvocation.proceed(ReflectiveMethodInvocation.java:184)
	at org.springframework.transaction.interceptor.TransactionInterceptor$1.proceedWithInvocation(TransactionInterceptor.java:123)
	at org.springframework.transaction.interceptor.TransactionAspectSupport.invokeWithinTransaction(TransactionAspectSupport.java:385)
	at org.springframework.transaction.interceptor.TransactionInterceptor.invoke(TransactionInterceptor.java:119)
	at org.springframework.aop.framework.ReflectiveMethodInvocation.proceed(ReflectiveMethodInvocation.java:184)
	at org.springframework.dao.support.PersistenceExceptionTranslationInterceptor.invoke(PersistenceExceptionTranslationInterceptor.java:137)
	... 121 common frames omitted
Caused by: java.sql.BatchUpdateException: Cannot delete or update a parent row: a foreign key constraint fails (`tts_database`.`fee_receipts`, CONSTRAINT `FK9653o2jkeirvl18xr7x39x63f` FOREIGN KEY (`installment_id`) REFERENCES `fee_installments` (`id`))
	at com.mysql.cj.jdbc.exceptions.SQLError.createBatchUpdateException(SQLError.java:224)
	at com.mysql.cj.jdbc.ClientPreparedStatement.executeBatchSerially(ClientPreparedStatement.java:816)
	at com.mysql.cj.jdbc.ClientPreparedStatement.executeBatchInternal(ClientPreparedStatement.java:418)
	at com.mysql.cj.jdbc.StatementImpl.executeBatch(StatementImpl.java:795)
	at com.zaxxer.hikari.pool.ProxyStatement.executeBatch(ProxyStatement.java:127)
	at com.zaxxer.hikari.pool.HikariProxyPreparedStatement.executeBatch(HikariProxyPreparedStatement.java)
	at org.hibernate.engine.jdbc.batch.internal.BatchImpl.lambda$performExecution$2(BatchImpl.java:273)
	... 157 common frames omitted
Caused by: java.sql.SQLIntegrityConstraintViolationException: Cannot delete or update a parent row: a foreign key constraint fails (`tts_database`.`fee_receipts`, CONSTRAINT `FK9653o2jkeirvl18xr7x39x63f` FOREIGN KEY (`installment_id`) REFERENCES `fee_installments` (`id`))
	at com.mysql.cj.jdbc.exceptions.SQLError.createSQLException(SQLError.java:118)
	at com.mysql.cj.jdbc.exceptions.SQLExceptionsMapping.translateException(SQLExceptionsMapping.java:122)
	at com.mysql.cj.jdbc.ClientPreparedStatement.executeInternal(ClientPreparedStatement.java:916)
	at com.mysql.cj.jdbc.ClientPreparedStatement.executeUpdateInternal(ClientPreparedStatement.java:1061)
	at com.mysql.cj.jdbc.ClientPreparedStatement.executeBatchSerially(ClientPreparedStatement.java:795)
	... 162 common frames omitted
2025-12-10 11:29:45 [https-jsse-nio-8443-exec-9] INFO  c.t.sms.controller.LayoutController - 🔑 Loading permissions for user: admin (Role: SUPER_ADMIN)
2025-12-10 11:29:45 [https-jsse-nio-8443-exec-9] INFO  c.t.sms.controller.LayoutController - 📋 Found 15 employee-specific permissions
2025-12-10 11:29:45 [https-jsse-nio-8443-exec-9] INFO  c.t.sms.controller.LayoutController - 👥 Found 15 role-based permissions
2025-12-10 11:29:45 [https-jsse-nio-8443-exec-9] INFO  c.t.sms.controller.LayoutController - ✅ User has access to 15 menus: [1, 2, 3, 4, 5, 6, 7, 8, 9, 10, 11, 12, 13, 14, 15]
2025-12-10 11:29:46 [https-jsse-nio-8443-exec-4] WARN  o.s.w.s.m.m.a.ExceptionHandlerExceptionResolver - Resolved [org.springframework.web.servlet.resource.NoResourceFoundException: No static resource appspecific/com.chrome.devtools.json.]
2025-12-10 11:29:48 [https-jsse-nio-8443-exec-4] INFO  c.t.s.c.FeesManagerController - GET /api/fees-manager - page: 0, size: 100000
2025-12-10 11:29:48 [https-jsse-nio-8443-exec-1] INFO  c.t.s.c.OnlinePaymentModeController - REST request to get active payment modes
2025-12-10 11:29:48 [https-jsse-nio-8443-exec-7] INFO  c.t.s.s.AdmissionEnhancedService - Fetching active courses
2025-12-10 11:29:48 [https-jsse-nio-8443-exec-1] INFO  c.t.s.s.OnlinePaymentModeService - Fetching active payment modes
2025-12-10 11:29:54 [https-jsse-nio-8443-exec-9] INFO  c.t.s.c.FeesManagerController - GET /api/fees-manager/installments/REG8001
2025-12-10 11:29:56 [https-jsse-nio-8443-exec-5] INFO  c.t.s.c.FeesManagerController - DELETE /api/fees-manager/installments/2
2025-12-10 11:29:57 [https-jsse-nio-8443-exec-5] ERROR org.hibernate.orm.jdbc.batch - HHH100501: Exception executing batch [java.sql.BatchUpdateException: Cannot delete or update a parent row: a foreign key constraint fails (`tts_database`.`fee_receipts`, CONSTRAINT `FK9653o2jkeirvl18xr7x39x63f` FOREIGN KEY (`installment_id`) REFERENCES `fee_installments` (`id`))], SQL: delete from fee_installments where id=?
2025-12-10 11:29:57 [https-jsse-nio-8443-exec-5] WARN  o.h.e.jdbc.spi.SqlExceptionHelper - SQL Error: 1451, SQLState: 23000
2025-12-10 11:29:57 [https-jsse-nio-8443-exec-5] ERROR o.h.e.jdbc.spi.SqlExceptionHelper - Cannot delete or update a parent row: a foreign key constraint fails (`tts_database`.`fee_receipts`, CONSTRAINT `FK9653o2jkeirvl18xr7x39x63f` FOREIGN KEY (`installment_id`) REFERENCES `fee_installments` (`id`))
2025-12-10 11:29:57 [https-jsse-nio-8443-exec-5] ERROR c.t.s.c.FeesManagerController - Error deleting installment
org.springframework.dao.DataIntegrityViolationException: could not execute batch [Cannot delete or update a parent row: a foreign key constraint fails (`tts_database`.`fee_receipts`, CONSTRAINT `FK9653o2jkeirvl18xr7x39x63f` FOREIGN KEY (`installment_id`) REFERENCES `fee_installments` (`id`))] [delete from fee_installments where id=?]; SQL [delete from fee_installments where id=?]; constraint [null]
	at org.springframework.orm.jpa.vendor.HibernateJpaDialect.convertHibernateAccessException(HibernateJpaDialect.java:290)
	at org.springframework.orm.jpa.vendor.HibernateJpaDialect.translateExceptionIfPossible(HibernateJpaDialect.java:241)
	at org.springframework.orm.jpa.AbstractEntityManagerFactoryBean.translateExceptionIfPossible(AbstractEntityManagerFactoryBean.java:550)
	at org.springframework.dao.support.ChainedPersistenceExceptionTranslator.translateExceptionIfPossible(ChainedPersistenceExceptionTranslator.java:61)
	at org.springframework.dao.support.DataAccessUtils.translateIfNecessary(DataAccessUtils.java:335)
	at org.springframework.dao.support.PersistenceExceptionTranslationInterceptor.invoke(PersistenceExceptionTranslationInterceptor.java:152)
	at org.springframework.aop.framework.ReflectiveMethodInvocation.proceed(ReflectiveMethodInvocation.java:184)
	at org.springframework.data.jpa.repository.support.CrudMethodMetadataPostProcessor$CrudMethodMetadataPopulatingMethodInterceptor.invoke(CrudMethodMetadataPostProcessor.java:164)
	at org.springframework.aop.framework.ReflectiveMethodInvocation.proceed(ReflectiveMethodInvocation.java:184)
	at org.springframework.aop.interceptor.ExposeInvocationInterceptor.invoke(ExposeInvocationInterceptor.java:97)
	at org.springframework.aop.framework.ReflectiveMethodInvocation.proceed(ReflectiveMethodInvocation.java:184)
	at org.springframework.aop.framework.JdkDynamicAopProxy.invoke(JdkDynamicAopProxy.java:249)
	at jdk.proxy4/jdk.proxy4.$Proxy172.flush(Unknown Source)
	at com.tts.sms.service.FeesManagerService.deleteFeeInstallment(FeesManagerService.java:1243)
	at java.base/jdk.internal.reflect.DirectMethodHandleAccessor.invoke(DirectMethodHandleAccessor.java:103)
	at java.base/java.lang.reflect.Method.invoke(Method.java:580)
	at org.springframework.aop.support.AopUtils.invokeJoinpointUsingReflection(AopUtils.java:352)
	at org.springframework.aop.framework.ReflectiveMethodInvocation.invokeJoinpoint(ReflectiveMethodInvocation.java:196)
	at org.springframework.aop.framework.ReflectiveMethodInvocation.proceed(ReflectiveMethodInvocation.java:163)
	at org.springframework.aop.framework.CglibAopProxy$CglibMethodInvocation.proceed(CglibAopProxy.java:765)
	at org.springframework.transaction.interceptor.TransactionInterceptor$1.proceedWithInvocation(TransactionInterceptor.java:123)
	at org.springframework.transaction.interceptor.TransactionAspectSupport.invokeWithinTransaction(TransactionAspectSupport.java:385)
	at org.springframework.transaction.interceptor.TransactionInterceptor.invoke(TransactionInterceptor.java:119)
	at org.springframework.aop.framework.ReflectiveMethodInvocation.proceed(ReflectiveMethodInvocation.java:184)
	at org.springframework.aop.framework.CglibAopProxy$CglibMethodInvocation.proceed(CglibAopProxy.java:765)
	at org.springframework.aop.framework.CglibAopProxy$DynamicAdvisedInterceptor.intercept(CglibAopProxy.java:717)
	at com.tts.sms.service.FeesManagerService$$SpringCGLIB$$0.deleteFeeInstallment(<generated>)
	at com.tts.sms.controller.FeesManagerController.deleteFeeInstallment(FeesManagerController.java:64)
	at java.base/jdk.internal.reflect.DirectMethodHandleAccessor.invoke(DirectMethodHandleAccessor.java:103)
	at java.base/java.lang.reflect.Method.invoke(Method.java:580)
	at org.springframework.web.method.support.InvocableHandlerMethod.doInvoke(InvocableHandlerMethod.java:254)
	at org.springframework.web.method.support.InvocableHandlerMethod.invokeForRequest(InvocableHandlerMethod.java:182)
	at org.springframework.web.servlet.mvc.method.annotation.ServletInvocableHandlerMethod.invokeAndHandle(ServletInvocableHandlerMethod.java:118)
	at org.springframework.web.servlet.mvc.method.annotation.RequestMappingHandlerAdapter.invokeHandlerMethod(RequestMappingHandlerAdapter.java:917)
	at org.springframework.web.servlet.mvc.method.annotation.RequestMappingHandlerAdapter.handleInternal(RequestMappingHandlerAdapter.java:829)
	at org.springframework.web.servlet.mvc.method.AbstractHandlerMethodAdapter.handle(AbstractHandlerMethodAdapter.java:87)
	at org.springframework.web.servlet.DispatcherServlet.doDispatch(DispatcherServlet.java:1089)
	at org.springframework.web.servlet.DispatcherServlet.doService(DispatcherServlet.java:979)
	at org.springframework.web.servlet.FrameworkServlet.processRequest(FrameworkServlet.java:1014)
	at org.springframework.web.servlet.FrameworkServlet.doDelete(FrameworkServlet.java:936)
	at jakarta.servlet.http.HttpServlet.service(HttpServlet.java:596)
	at org.springframework.web.servlet.FrameworkServlet.service(FrameworkServlet.java:885)
	at jakarta.servlet.http.HttpServlet.service(HttpServlet.java:658)
	at org.apache.catalina.core.ApplicationFilterChain.internalDoFilter(ApplicationFilterChain.java:205)
	at org.apache.catalina.core.ApplicationFilterChain.doFilter(ApplicationFilterChain.java:149)
	at org.apache.tomcat.websocket.server.WsFilter.doFilter(WsFilter.java:51)
	at org.apache.catalina.core.ApplicationFilterChain.internalDoFilter(ApplicationFilterChain.java:174)
	at org.apache.catalina.core.ApplicationFilterChain.doFilter(ApplicationFilterChain.java:149)
	at org.springframework.web.servlet.resource.ResourceUrlEncodingFilter.doFilter(ResourceUrlEncodingFilter.java:66)
	at org.apache.catalina.core.ApplicationFilterChain.internalDoFilter(ApplicationFilterChain.java:174)
	at org.apache.catalina.core.ApplicationFilterChain.doFilter(ApplicationFilterChain.java:149)
	at org.springframework.security.web.FilterChainProxy.lambda$doFilterInternal$3(FilterChainProxy.java:231)
	at org.springframework.security.web.FilterChainProxy$VirtualFilterChain.doFilter(FilterChainProxy.java:365)
	at org.springframework.security.web.access.intercept.AuthorizationFilter.doFilter(AuthorizationFilter.java:100)
	at org.springframework.security.web.FilterChainProxy$VirtualFilterChain.doFilter(FilterChainProxy.java:374)
	at org.springframework.security.web.access.ExceptionTranslationFilter.doFilter(ExceptionTranslationFilter.java:126)
	at org.springframework.security.web.access.ExceptionTranslationFilter.doFilter(ExceptionTranslationFilter.java:120)
	at org.springframework.security.web.FilterChainProxy$VirtualFilterChain.doFilter(FilterChainProxy.java:374)
	at org.springframework.security.web.session.SessionManagementFilter.doFilter(SessionManagementFilter.java:131)
	at org.springframework.security.web.session.SessionManagementFilter.doFilter(SessionManagementFilter.java:85)
	at org.springframework.security.web.FilterChainProxy$VirtualFilterChain.doFilter(FilterChainProxy.java:374)
	at org.springframework.security.web.authentication.AnonymousAuthenticationFilter.doFilter(AnonymousAuthenticationFilter.java:100)
	at org.springframework.security.web.FilterChainProxy$VirtualFilterChain.doFilter(FilterChainProxy.java:374)
	at org.springframework.security.web.servletapi.SecurityContextHolderAwareRequestFilter.doFilter(SecurityContextHolderAwareRequestFilter.java:179)
	at org.springframework.security.web.FilterChainProxy$VirtualFilterChain.doFilter(FilterChainProxy.java:374)
	at org.springframework.security.web.savedrequest.RequestCacheAwareFilter.doFilter(RequestCacheAwareFilter.java:63)
	at org.springframework.security.web.FilterChainProxy$VirtualFilterChain.doFilter(FilterChainProxy.java:374)
	at org.springframework.security.web.authentication.AbstractAuthenticationProcessingFilter.doFilter(AbstractAuthenticationProcessingFilter.java:227)
	at org.springframework.security.web.authentication.AbstractAuthenticationProcessingFilter.doFilter(AbstractAuthenticationProcessingFilter.java:221)
	at org.springframework.security.web.FilterChainProxy$VirtualFilterChain.doFilter(FilterChainProxy.java:374)
	at org.springframework.security.web.authentication.logout.LogoutFilter.doFilter(LogoutFilter.java:107)
	at org.springframework.security.web.authentication.logout.LogoutFilter.doFilter(LogoutFilter.java:93)
	at org.springframework.security.web.FilterChainProxy$VirtualFilterChain.doFilter(FilterChainProxy.java:374)
	at org.springframework.security.web.csrf.CsrfFilter.doFilterInternal(CsrfFilter.java:131)
	at org.springframework.web.filter.OncePerRequestFilter.doFilter(OncePerRequestFilter.java:116)
	at org.springframework.security.web.FilterChainProxy$VirtualFilterChain.doFilter(FilterChainProxy.java:374)
	at org.springframework.web.filter.CorsFilter.doFilterInternal(CorsFilter.java:91)
	at org.springframework.web.filter.OncePerRequestFilter.doFilter(OncePerRequestFilter.java:116)
	at org.springframework.security.web.FilterChainProxy$VirtualFilterChain.doFilter(FilterChainProxy.java:374)
	at org.springframework.security.web.header.HeaderWriterFilter.doHeadersAfter(HeaderWriterFilter.java:90)
	at org.springframework.security.web.header.HeaderWriterFilter.doFilterInternal(HeaderWriterFilter.java:75)
	at org.springframework.web.filter.OncePerRequestFilter.doFilter(OncePerRequestFilter.java:116)
	at org.springframework.security.web.FilterChainProxy$VirtualFilterChain.doFilter(FilterChainProxy.java:374)
	at org.springframework.security.web.context.SecurityContextHolderFilter.doFilter(SecurityContextHolderFilter.java:82)
	at org.springframework.security.web.context.SecurityContextHolderFilter.doFilter(SecurityContextHolderFilter.java:69)
	at org.springframework.security.web.FilterChainProxy$VirtualFilterChain.doFilter(FilterChainProxy.java:374)
	at org.springframework.security.web.context.request.async.WebAsyncManagerIntegrationFilter.doFilterInternal(WebAsyncManagerIntegrationFilter.java:62)
	at org.springframework.web.filter.OncePerRequestFilter.doFilter(OncePerRequestFilter.java:116)
	at org.springframework.security.web.FilterChainProxy$VirtualFilterChain.doFilter(FilterChainProxy.java:374)
	at org.springframework.security.web.access.channel.ChannelProcessingFilter.doFilter(ChannelProcessingFilter.java:133)
	at org.springframework.security.web.FilterChainProxy$VirtualFilterChain.doFilter(FilterChainProxy.java:374)
	at org.springframework.security.web.session.DisableEncodeUrlFilter.doFilterInternal(DisableEncodeUrlFilter.java:42)
	at org.springframework.web.filter.OncePerRequestFilter.doFilter(OncePerRequestFilter.java:116)
	at org.springframework.security.web.FilterChainProxy$VirtualFilterChain.doFilter(FilterChainProxy.java:374)
	at org.springframework.security.web.FilterChainProxy.doFilterInternal(FilterChainProxy.java:233)
	at org.springframework.security.web.FilterChainProxy.doFilter(FilterChainProxy.java:191)
	at org.springframework.web.filter.DelegatingFilterProxy.invokeDelegate(DelegatingFilterProxy.java:352)
	at org.springframework.web.filter.DelegatingFilterProxy.doFilter(DelegatingFilterProxy.java:268)
	at org.apache.catalina.core.ApplicationFilterChain.internalDoFilter(ApplicationFilterChain.java:174)
	at org.apache.catalina.core.ApplicationFilterChain.doFilter(ApplicationFilterChain.java:149)
	at org.springframework.web.filter.RequestContextFilter.doFilterInternal(RequestContextFilter.java:100)
	at org.springframework.web.filter.OncePerRequestFilter.doFilter(OncePerRequestFilter.java:116)
	at org.apache.catalina.core.ApplicationFilterChain.internalDoFilter(ApplicationFilterChain.java:174)
	at org.apache.catalina.core.ApplicationFilterChain.doFilter(ApplicationFilterChain.java:149)
	at org.springframework.web.filter.FormContentFilter.doFilterInternal(FormContentFilter.java:93)
	at org.springframework.web.filter.OncePerRequestFilter.doFilter(OncePerRequestFilter.java:116)
	at org.apache.catalina.core.ApplicationFilterChain.internalDoFilter(ApplicationFilterChain.java:174)
	at org.apache.catalina.core.ApplicationFilterChain.doFilter(ApplicationFilterChain.java:149)
	at org.springframework.web.filter.CharacterEncodingFilter.doFilterInternal(CharacterEncodingFilter.java:201)
	at org.springframework.web.filter.OncePerRequestFilter.doFilter(OncePerRequestFilter.java:116)
	at org.apache.catalina.core.ApplicationFilterChain.internalDoFilter(ApplicationFilterChain.java:174)
	at org.apache.catalina.core.ApplicationFilterChain.doFilter(ApplicationFilterChain.java:149)
	at org.apache.catalina.core.StandardWrapperValve.invoke(StandardWrapperValve.java:167)
	at org.apache.catalina.core.StandardContextValve.invoke(StandardContextValve.java:90)
	at org.apache.catalina.authenticator.AuthenticatorBase.invoke(AuthenticatorBase.java:482)
	at org.apache.catalina.core.StandardHostValve.invoke(StandardHostValve.java:115)
	at org.apache.catalina.valves.ErrorReportValve.invoke(ErrorReportValve.java:93)
	at org.apache.catalina.core.StandardEngineValve.invoke(StandardEngineValve.java:74)
	at org.apache.catalina.connector.CoyoteAdapter.service(CoyoteAdapter.java:340)
	at org.apache.coyote.http2.StreamProcessor.service(StreamProcessor.java:432)
	at org.apache.coyote.AbstractProcessorLight.process(AbstractProcessorLight.java:63)
	at org.apache.coyote.http2.StreamProcessor.process(StreamProcessor.java:90)
	at org.apache.coyote.http2.StreamRunnable.run(StreamRunnable.java:35)
	at org.apache.tomcat.util.threads.ThreadPoolExecutor.runWorker(ThreadPoolExecutor.java:1191)
	at org.apache.tomcat.util.threads.ThreadPoolExecutor$Worker.run(ThreadPoolExecutor.java:659)
	at org.apache.tomcat.util.threads.TaskThread$WrappingRunnable.run(TaskThread.java:61)
	at java.base/java.lang.Thread.run(Thread.java:1570)
Caused by: org.hibernate.exception.ConstraintViolationException: could not execute batch [Cannot delete or update a parent row: a foreign key constraint fails (`tts_database`.`fee_receipts`, CONSTRAINT `FK9653o2jkeirvl18xr7x39x63f` FOREIGN KEY (`installment_id`) REFERENCES `fee_installments` (`id`))] [delete from fee_installments where id=?]
	at org.hibernate.exception.internal.SQLStateConversionDelegate.convert(SQLStateConversionDelegate.java:97)
	at org.hibernate.exception.internal.StandardSQLExceptionConverter.convert(StandardSQLExceptionConverter.java:58)
	at org.hibernate.engine.jdbc.spi.SqlExceptionHelper.convert(SqlExceptionHelper.java:108)
	at org.hibernate.engine.jdbc.batch.internal.BatchImpl.lambda$performExecution$2(BatchImpl.java:287)
	at org.hibernate.engine.jdbc.mutation.internal.PreparedStatementGroupSingleTable.forEachStatement(PreparedStatementGroupSingleTable.java:59)
	at org.hibernate.engine.jdbc.batch.internal.BatchImpl.performExecution(BatchImpl.java:260)
	at org.hibernate.engine.jdbc.batch.internal.BatchImpl.execute(BatchImpl.java:239)
	at org.hibernate.engine.jdbc.internal.JdbcCoordinatorImpl.executeBatch(JdbcCoordinatorImpl.java:188)
	at org.hibernate.engine.spi.ActionQueue.executeActions(ActionQueue.java:659)
	at org.hibernate.engine.spi.ActionQueue.executeActions(ActionQueue.java:498)
	at org.hibernate.event.internal.AbstractFlushingEventListener.performExecutions(AbstractFlushingEventListener.java:363)
	at org.hibernate.event.internal.DefaultFlushEventListener.onFlush(DefaultFlushEventListener.java:39)
	at org.hibernate.event.service.internal.EventListenerGroupImpl.fireEventOnEachListener(EventListenerGroupImpl.java:127)
	at org.hibernate.internal.SessionImpl.doFlush(SessionImpl.java:1415)
	at org.hibernate.internal.SessionImpl.flush(SessionImpl.java:1401)
	at java.base/jdk.internal.reflect.DirectMethodHandleAccessor.invoke(DirectMethodHandleAccessor.java:103)
	at java.base/java.lang.reflect.Method.invoke(Method.java:580)
	at org.springframework.orm.jpa.SharedEntityManagerCreator$SharedEntityManagerInvocationHandler.invoke(SharedEntityManagerCreator.java:311)
	at jdk.proxy4/jdk.proxy4.$Proxy146.flush(Unknown Source)
	at org.springframework.data.jpa.repository.support.SimpleJpaRepository.flush(SimpleJpaRepository.java:663)
	at java.base/jdk.internal.reflect.DirectMethodHandleAccessor.invoke(DirectMethodHandleAccessor.java:103)
	at java.base/java.lang.reflect.Method.invoke(Method.java:580)
	at org.springframework.aop.support.AopUtils.invokeJoinpointUsingReflection(AopUtils.java:352)
	at org.springframework.data.repository.core.support.RepositoryMethodInvoker$RepositoryFragmentMethodInvoker.lambda$new$0(RepositoryMethodInvoker.java:277)
	at org.springframework.data.repository.core.support.RepositoryMethodInvoker.doInvoke(RepositoryMethodInvoker.java:170)
	at org.springframework.data.repository.core.support.RepositoryMethodInvoker.invoke(RepositoryMethodInvoker.java:158)
	at org.springframework.data.repository.core.support.RepositoryComposition$RepositoryFragments.invoke(RepositoryComposition.java:516)
	at org.springframework.data.repository.core.support.RepositoryComposition.invoke(RepositoryComposition.java:285)
	at org.springframework.data.repository.core.support.RepositoryFactorySupport$ImplementationMethodExecutionInterceptor.invoke(RepositoryFactorySupport.java:628)
	at org.springframework.aop.framework.ReflectiveMethodInvocation.proceed(ReflectiveMethodInvocation.java:184)
	at org.springframework.data.repository.core.support.QueryExecutorMethodInterceptor.doInvoke(QueryExecutorMethodInterceptor.java:168)
	at org.springframework.data.repository.core.support.QueryExecutorMethodInterceptor.invoke(QueryExecutorMethodInterceptor.java:143)
	at org.springframework.aop.framework.ReflectiveMethodInvocation.proceed(ReflectiveMethodInvocation.java:184)
	at org.springframework.data.projection.DefaultMethodInvokingMethodInterceptor.invoke(DefaultMethodInvokingMethodInterceptor.java:70)
	at org.springframework.aop.framework.ReflectiveMethodInvocation.proceed(ReflectiveMethodInvocation.java:184)
	at org.springframework.transaction.interceptor.TransactionInterceptor$1.proceedWithInvocation(TransactionInterceptor.java:123)
	at org.springframework.transaction.interceptor.TransactionAspectSupport.invokeWithinTransaction(TransactionAspectSupport.java:385)
	at org.springframework.transaction.interceptor.TransactionInterceptor.invoke(TransactionInterceptor.java:119)
	at org.springframework.aop.framework.ReflectiveMethodInvocation.proceed(ReflectiveMethodInvocation.java:184)
	at org.springframework.dao.support.PersistenceExceptionTranslationInterceptor.invoke(PersistenceExceptionTranslationInterceptor.java:137)
	... 121 common frames omitted
Caused by: java.sql.BatchUpdateException: Cannot delete or update a parent row: a foreign key constraint fails (`tts_database`.`fee_receipts`, CONSTRAINT `FK9653o2jkeirvl18xr7x39x63f` FOREIGN KEY (`installment_id`) REFERENCES `fee_installments` (`id`))
	at com.mysql.cj.jdbc.exceptions.SQLError.createBatchUpdateException(SQLError.java:224)
	at com.mysql.cj.jdbc.ClientPreparedStatement.executeBatchSerially(ClientPreparedStatement.java:816)
	at com.mysql.cj.jdbc.ClientPreparedStatement.executeBatchInternal(ClientPreparedStatement.java:418)
	at com.mysql.cj.jdbc.StatementImpl.executeBatch(StatementImpl.java:795)
	at com.zaxxer.hikari.pool.ProxyStatement.executeBatch(ProxyStatement.java:127)
	at com.zaxxer.hikari.pool.HikariProxyPreparedStatement.executeBatch(HikariProxyPreparedStatement.java)
	at org.hibernate.engine.jdbc.batch.internal.BatchImpl.lambda$performExecution$2(BatchImpl.java:273)
	... 157 common frames omitted
Caused by: java.sql.SQLIntegrityConstraintViolationException: Cannot delete or update a parent row: a foreign key constraint fails (`tts_database`.`fee_receipts`, CONSTRAINT `FK9653o2jkeirvl18xr7x39x63f` FOREIGN KEY (`installment_id`) REFERENCES `fee_installments` (`id`))
	at com.mysql.cj.jdbc.exceptions.SQLError.createSQLException(SQLError.java:118)
	at com.mysql.cj.jdbc.exceptions.SQLExceptionsMapping.translateException(SQLExceptionsMapping.java:122)
	at com.mysql.cj.jdbc.ClientPreparedStatement.executeInternal(ClientPreparedStatement.java:916)
	at com.mysql.cj.jdbc.ClientPreparedStatement.executeUpdateInternal(ClientPreparedStatement.java:1061)
	at com.mysql.cj.jdbc.ClientPreparedStatement.executeBatchSerially(ClientPreparedStatement.java:795)
	... 162 common frames omitted
2025-12-10 11:32:48 [https-jsse-nio-8443-exec-3] INFO  c.t.sms.controller.LayoutController - 🔑 Loading permissions for user: admin (Role: SUPER_ADMIN)
2025-12-10 11:32:48 [https-jsse-nio-8443-exec-3] INFO  c.t.sms.controller.LayoutController - 📋 Found 15 employee-specific permissions
2025-12-10 11:32:48 [https-jsse-nio-8443-exec-3] INFO  c.t.sms.controller.LayoutController - 👥 Found 15 role-based permissions
2025-12-10 11:32:48 [https-jsse-nio-8443-exec-3] INFO  c.t.sms.controller.LayoutController - ✅ User has access to 15 menus: [1, 2, 3, 4, 5, 6, 7, 8, 9, 10, 11, 12, 13, 14, 15]
2025-12-10 11:32:48 [https-jsse-nio-8443-exec-8] WARN  o.s.w.s.m.m.a.ExceptionHandlerExceptionResolver - Resolved [org.springframework.web.servlet.resource.NoResourceFoundException: No static resource appspecific/com.chrome.devtools.json.]
2025-12-10 11:32:51 [https-jsse-nio-8443-exec-9] INFO  c.t.s.c.OnlinePaymentModeController - REST request to get active payment modes
2025-12-10 11:32:51 [https-jsse-nio-8443-exec-3] INFO  c.t.s.c.FeesManagerController - GET /api/fees-manager - page: 0, size: 100000
2025-12-10 11:32:51 [https-jsse-nio-8443-exec-8] INFO  c.t.s.s.AdmissionEnhancedService - Fetching active courses
2025-12-10 11:32:51 [https-jsse-nio-8443-exec-9] INFO  c.t.s.s.OnlinePaymentModeService - Fetching active payment modes
2025-12-10 11:32:59 [https-jsse-nio-8443-exec-6] INFO  c.t.sms.controller.LayoutController - 🔑 Loading permissions for user: admin (Role: SUPER_ADMIN)
2025-12-10 11:32:59 [https-jsse-nio-8443-exec-6] INFO  c.t.sms.controller.LayoutController - 📋 Found 15 employee-specific permissions
2025-12-10 11:32:59 [https-jsse-nio-8443-exec-6] INFO  c.t.sms.controller.LayoutController - 👥 Found 15 role-based permissions
2025-12-10 11:32:59 [https-jsse-nio-8443-exec-6] INFO  c.t.sms.controller.LayoutController - ✅ User has access to 15 menus: [1, 2, 3, 4, 5, 6, 7, 8, 9, 10, 11, 12, 13, 14, 15]
2025-12-10 11:33:00 [https-jsse-nio-8443-exec-10] WARN  o.s.w.s.m.m.a.ExceptionHandlerExceptionResolver - Resolved [org.springframework.web.servlet.resource.NoResourceFoundException: No static resource appspecific/com.chrome.devtools.json.]
2025-12-10 11:33:00 [https-jsse-nio-8443-exec-3] INFO  c.t.s.c.OnlinePaymentModeController - REST request to get active payment modes
2025-12-10 11:33:00 [https-jsse-nio-8443-exec-4] INFO  c.t.s.c.FeesManagerController - GET /api/fees-manager - page: 0, size: 100000
2025-12-10 11:33:01 [https-jsse-nio-8443-exec-3] INFO  c.t.s.s.OnlinePaymentModeService - Fetching active payment modes
2025-12-10 11:33:01 [https-jsse-nio-8443-exec-6] INFO  c.t.s.s.AdmissionEnhancedService - Fetching active courses
2025-12-10 11:33:06 [https-jsse-nio-8443-exec-7] INFO  c.t.s.c.FeesManagerController - GET /api/fees-manager/receipts/REG8001
2025-12-10 11:33:06 [https-jsse-nio-8443-exec-7] INFO  c.tts.sms.service.FeesManagerService -  Found 6 records in fee_collections (old data)
2025-12-10 11:33:06 [https-jsse-nio-8443-exec-7] INFO  c.tts.sms.service.FeesManagerService - 📊 Total receipts: 6 (New: 0, Old: 6)
2025-12-10 11:33:12 [https-jsse-nio-8443-exec-1] INFO  c.t.s.c.FeesManagerController - GET /api/fees-manager/installments/REG8001
2025-12-10 11:33:14 [https-jsse-nio-8443-exec-2] INFO  c.t.s.c.FeesManagerController - DELETE /api/fees-manager/installments/2
2025-12-10 11:33:14 [https-jsse-nio-8443-exec-2] INFO  c.tts.sms.service.FeesManagerService -  Deleted installment 2 for regNo: REG8001
2025-12-10 11:33:14 [https-jsse-nio-8443-exec-2] INFO  c.tts.sms.service.FeesManagerService -  Recalculated fees for REG8001: TotalPaid=₹0.0, Refund=₹0.0, NetPaid=₹0.0, Due=₹26100.0, Status=Pending
2025-12-10 11:33:15 [https-jsse-nio-8443-exec-4] INFO  c.t.s.c.FeesManagerController - GET /api/fees-manager/installments/REG8001
2025-12-10 11:33:21 [https-jsse-nio-8443-exec-7] INFO  c.t.sms.controller.LayoutController - 🔑 Loading permissions for user: admin (Role: SUPER_ADMIN)
2025-12-10 11:33:21 [https-jsse-nio-8443-exec-7] INFO  c.t.sms.controller.LayoutController - 📋 Found 15 employee-specific permissions
2025-12-10 11:33:21 [https-jsse-nio-8443-exec-7] INFO  c.t.sms.controller.LayoutController - 👥 Found 15 role-based permissions
2025-12-10 11:33:21 [https-jsse-nio-8443-exec-7] INFO  c.t.sms.controller.LayoutController - ✅ User has access to 15 menus: [1, 2, 3, 4, 5, 6, 7, 8, 9, 10, 11, 12, 13, 14, 15]
2025-12-10 11:33:22 [https-jsse-nio-8443-exec-5] INFO  c.t.s.c.OnlinePaymentModeController - REST request to get active payment modes
2025-12-10 11:33:22 [https-jsse-nio-8443-exec-6] INFO  c.t.s.c.FeesManagerController - GET /api/fees-manager - page: 0, size: 100000
2025-12-10 11:33:22 [https-jsse-nio-8443-exec-5] INFO  c.t.s.s.OnlinePaymentModeService - Fetching active payment modes
2025-12-10 11:33:22 [https-jsse-nio-8443-exec-3] INFO  c.t.s.s.AdmissionEnhancedService - Fetching active courses
2025-12-10 11:33:24 [https-jsse-nio-8443-exec-7] INFO  c.t.sms.controller.LayoutController - 🔑 Loading permissions for user: admin (Role: SUPER_ADMIN)
2025-12-10 11:33:24 [https-jsse-nio-8443-exec-7] INFO  c.t.sms.controller.LayoutController - 📋 Found 15 employee-specific permissions
2025-12-10 11:33:24 [https-jsse-nio-8443-exec-7] INFO  c.t.sms.controller.LayoutController - 👥 Found 15 role-based permissions
2025-12-10 11:33:24 [https-jsse-nio-8443-exec-7] INFO  c.t.sms.controller.LayoutController - ✅ User has access to 15 menus: [1, 2, 3, 4, 5, 6, 7, 8, 9, 10, 11, 12, 13, 14, 15]
2025-12-10 11:33:24 [https-jsse-nio-8443-exec-7] INFO  c.tts.sms.service.DashboardService -  Total Fees: New Students (REG*): ₹34250.0, Old Students: ₹7.0871346E7, Total: ₹7.0905596E7
2025-12-10 11:33:25 [https-jsse-nio-8443-exec-4] INFO  c.t.s.c.DashboardRestController - GET /api/dashboard/stats
2025-12-10 11:33:25 [https-jsse-nio-8443-exec-10] INFO  c.t.s.c.DashboardRestController - GET /api/dashboard/revenue-chart - period: 6M
2025-12-10 11:33:25 [https-jsse-nio-8443-exec-3] INFO  c.t.s.c.DashboardRestController - GET /api/dashboard/course-distribution
2025-12-10 11:33:25 [https-jsse-nio-8443-exec-10] INFO  c.tts.sms.service.DashboardService -  Revenue chart for 6M: 7 data points, Total: ₹6408750.0 (New: 1, Old: 805)
2025-12-10 11:33:26 [https-jsse-nio-8443-exec-3] INFO  c.tts.sms.service.DashboardService - Course distribution: 10 courses found
2025-12-10 11:33:26 [https-jsse-nio-8443-exec-4] INFO  c.tts.sms.service.DashboardService -  Total Fees: New Students (REG*): ₹34250.0, Old Students: ₹7.0871346E7, Total: ₹7.0905596E7
2025-12-10 11:33:27 [https-jsse-nio-8443-exec-9] INFO  c.t.sms.controller.LayoutController - 🔑 Loading permissions for user: admin (Role: SUPER_ADMIN)
2025-12-10 11:33:27 [https-jsse-nio-8443-exec-9] INFO  c.t.sms.controller.LayoutController - 📋 Found 15 employee-specific permissions
2025-12-10 11:33:27 [https-jsse-nio-8443-exec-9] INFO  c.t.sms.controller.LayoutController - 👥 Found 15 role-based permissions
2025-12-10 11:33:27 [https-jsse-nio-8443-exec-9] INFO  c.t.sms.controller.LayoutController - ✅ User has access to 15 menus: [1, 2, 3, 4, 5, 6, 7, 8, 9, 10, 11, 12, 13, 14, 15]
2025-12-10 11:33:27 [https-jsse-nio-8443-exec-5] INFO  c.t.s.c.OnlinePaymentModeController - REST request to get active payment modes
2025-12-10 11:33:27 [https-jsse-nio-8443-exec-10] INFO  c.t.s.c.FeesManagerController - GET /api/fees-manager - page: 0, size: 100000
2025-12-10 11:33:27 [https-jsse-nio-8443-exec-4] INFO  c.t.s.s.AdmissionEnhancedService - Fetching active courses
2025-12-10 11:33:27 [https-jsse-nio-8443-exec-5] INFO  c.t.s.s.OnlinePaymentModeService - Fetching active payment modes
2025-12-10 11:33:29 [https-jsse-nio-8443-exec-7] INFO  c.t.sms.controller.LayoutController - 🔑 Loading permissions for user: admin (Role: SUPER_ADMIN)
2025-12-10 11:33:29 [https-jsse-nio-8443-exec-7] INFO  c.t.sms.controller.LayoutController - 📋 Found 15 employee-specific permissions
2025-12-10 11:33:29 [https-jsse-nio-8443-exec-7] INFO  c.t.sms.controller.LayoutController - 👥 Found 15 role-based permissions
2025-12-10 11:33:29 [https-jsse-nio-8443-exec-7] INFO  c.t.sms.controller.LayoutController - ✅ User has access to 15 menus: [1, 2, 3, 4, 5, 6, 7, 8, 9, 10, 11, 12, 13, 14, 15]
2025-12-10 11:33:30 [https-jsse-nio-8443-exec-8] INFO  c.t.s.c.FeesManagerController - GET /api/fees-manager - page: 0, size: 100000
2025-12-10 11:33:30 [https-jsse-nio-8443-exec-3] INFO  c.t.s.c.OnlinePaymentModeController - REST request to get active payment modes
2025-12-10 11:33:30 [https-jsse-nio-8443-exec-6] INFO  c.t.s.s.AdmissionEnhancedService - Fetching active courses
2025-12-10 11:33:30 [https-jsse-nio-8443-exec-3] INFO  c.t.s.s.OnlinePaymentModeService - Fetching active payment modes
2025-12-10 11:33:36 [https-jsse-nio-8443-exec-8] INFO  c.t.s.c.FeesManagerController - GET /api/fees-manager/installments/REG8001
2025-12-10 11:33:43 [https-jsse-nio-8443-exec-10] INFO  c.t.sms.controller.LayoutController - 🔑 Loading permissions for user: admin (Role: SUPER_ADMIN)
2025-12-10 11:33:43 [https-jsse-nio-8443-exec-10] INFO  c.t.sms.controller.LayoutController - 📋 Found 15 employee-specific permissions
2025-12-10 11:33:43 [https-jsse-nio-8443-exec-10] INFO  c.t.sms.controller.LayoutController - 👥 Found 15 role-based permissions
2025-12-10 11:33:43 [https-jsse-nio-8443-exec-10] INFO  c.t.sms.controller.LayoutController - ✅ User has access to 15 menus: [1, 2, 3, 4, 5, 6, 7, 8, 9, 10, 11, 12, 13, 14, 15]
2025-12-10 11:33:43 [https-jsse-nio-8443-exec-1] INFO  c.t.s.c.OnlinePaymentModeController - REST request to get active payment modes
2025-12-10 11:33:43 [https-jsse-nio-8443-exec-3] INFO  c.t.s.c.FeesManagerController - GET /api/fees-manager - page: 0, size: 100000
2025-12-10 11:33:43 [https-jsse-nio-8443-exec-5] INFO  c.t.s.s.AdmissionEnhancedService - Fetching active courses
2025-12-10 11:33:43 [https-jsse-nio-8443-exec-1] INFO  c.t.s.s.OnlinePaymentModeService - Fetching active payment modes
2025-12-10 11:33:59 [https-jsse-nio-8443-exec-9] INFO  c.t.sms.controller.LayoutController - 🔑 Loading permissions for user: admin (Role: SUPER_ADMIN)
2025-12-10 11:33:59 [https-jsse-nio-8443-exec-9] INFO  c.t.sms.controller.LayoutController - 📋 Found 15 employee-specific permissions
2025-12-10 11:33:59 [https-jsse-nio-8443-exec-9] INFO  c.t.sms.controller.LayoutController - 👥 Found 15 role-based permissions
2025-12-10 11:33:59 [https-jsse-nio-8443-exec-9] INFO  c.t.sms.controller.LayoutController - ✅ User has access to 15 menus: [1, 2, 3, 4, 5, 6, 7, 8, 9, 10, 11, 12, 13, 14, 15]
2025-12-10 11:34:00 [https-jsse-nio-8443-exec-4] INFO  c.t.s.c.OnlinePaymentModeController - REST request to get active payment modes
2025-12-10 11:34:00 [https-jsse-nio-8443-exec-8] INFO  c.t.s.c.FeesManagerController - GET /api/fees-manager - page: 0, size: 100000
2025-12-10 11:34:00 [https-jsse-nio-8443-exec-6] INFO  c.t.s.s.AdmissionEnhancedService - Fetching active courses
2025-12-10 11:34:00 [https-jsse-nio-8443-exec-4] INFO  c.t.s.s.OnlinePaymentModeService - Fetching active payment modes
2025-12-10 11:34:07 [https-jsse-nio-8443-exec-4] INFO  c.t.s.c.FeesManagerController - GET /api/fees-manager/receipts/REG8001
2025-12-10 11:34:07 [https-jsse-nio-8443-exec-4] INFO  c.tts.sms.service.FeesManagerService -  Found 6 records in fee_collections (old data)
2025-12-10 11:34:07 [https-jsse-nio-8443-exec-4] INFO  c.tts.sms.service.FeesManagerService - 📊 Total receipts: 6 (New: 0, Old: 6)
2025-12-10 11:35:23 [https-jsse-nio-8443-exec-4] INFO  c.t.s.c.FeesManagerController - GET /api/fees-manager/installments/REG8001
2025-12-10 11:35:23 [https-jsse-nio-8443-exec-8] INFO  c.t.s.c.FeesManagerController - GET /api/fees-manager/installments/REG8001
2025-12-10 11:35:40 [https-jsse-nio-8443-exec-7] INFO  c.t.s.c.FeesManagerController - GET /api/fees-manager/installments/REG8001
2025-12-10 11:35:43 [https-jsse-nio-8443-exec-6] INFO  c.t.s.c.FeesManagerController - DELETE /api/fees-manager/installments/3
2025-12-10 11:35:43 [https-jsse-nio-8443-exec-6] INFO  c.tts.sms.service.FeesManagerService -  Deleted installment 3 for regNo: REG8001
2025-12-10 11:35:43 [https-jsse-nio-8443-exec-6] INFO  c.tts.sms.service.FeesManagerService -  Recalculated fees for REG8001: TotalPaid=₹0.0, Refund=₹0.0, NetPaid=₹0.0, Due=₹26100.0, Status=Pending
2025-12-10 11:35:43 [https-jsse-nio-8443-exec-9] INFO  c.t.s.c.FeesManagerController - GET /api/fees-manager/installments/REG8001
2025-12-10 11:35:45 [https-jsse-nio-8443-exec-2] INFO  c.t.s.c.FeesManagerController - DELETE /api/fees-manager/installments/4
2025-12-10 11:35:45 [https-jsse-nio-8443-exec-2] INFO  c.tts.sms.service.FeesManagerService -  Deleted installment 4 for regNo: REG8001
2025-12-10 11:35:45 [https-jsse-nio-8443-exec-2] INFO  c.tts.sms.service.FeesManagerService -  Recalculated fees for REG8001: TotalPaid=₹0.0, Refund=₹0.0, NetPaid=₹0.0, Due=₹26100.0, Status=Pending
2025-12-10 11:35:45 [https-jsse-nio-8443-exec-6] INFO  c.t.s.c.FeesManagerController - GET /api/fees-manager/installments/REG8001
2025-12-10 11:35:59 [https-jsse-nio-8443-exec-10] ERROR c.t.s.e.GlobalExceptionHandler - Unexpected error occurred
org.springframework.web.HttpRequestMethodNotSupportedException: Request method 'POST' is not supported
	at org.springframework.web.servlet.mvc.method.RequestMappingInfoHandlerMapping.handleNoMatch(RequestMappingInfoHandlerMapping.java:265)
	at org.springframework.web.servlet.handler.AbstractHandlerMethodMapping.lookupHandlerMethod(AbstractHandlerMethodMapping.java:441)
	at org.springframework.web.servlet.handler.AbstractHandlerMethodMapping.getHandlerInternal(AbstractHandlerMethodMapping.java:382)
	at org.springframework.web.servlet.mvc.method.RequestMappingInfoHandlerMapping.getHandlerInternal(RequestMappingInfoHandlerMapping.java:126)
	at org.springframework.web.servlet.mvc.method.RequestMappingInfoHandlerMapping.getHandlerInternal(RequestMappingInfoHandlerMapping.java:68)
	at org.springframework.web.servlet.handler.AbstractHandlerMapping.getHandler(AbstractHandlerMapping.java:507)
	at org.springframework.web.servlet.DispatcherServlet.getHandler(DispatcherServlet.java:1283)
	at org.springframework.web.servlet.DispatcherServlet.doDispatch(DispatcherServlet.java:1065)
	at org.springframework.web.servlet.DispatcherServlet.doService(DispatcherServlet.java:979)
	at org.springframework.web.servlet.FrameworkServlet.processRequest(FrameworkServlet.java:1014)
	at org.springframework.web.servlet.FrameworkServlet.doPost(FrameworkServlet.java:914)
	at jakarta.servlet.http.HttpServlet.service(HttpServlet.java:590)
	at org.springframework.web.servlet.FrameworkServlet.service(FrameworkServlet.java:885)
	at jakarta.servlet.http.HttpServlet.service(HttpServlet.java:658)
	at org.apache.catalina.core.ApplicationFilterChain.internalDoFilter(ApplicationFilterChain.java:205)
	at org.apache.catalina.core.ApplicationFilterChain.doFilter(ApplicationFilterChain.java:149)
	at org.apache.tomcat.websocket.server.WsFilter.doFilter(WsFilter.java:51)
	at org.apache.catalina.core.ApplicationFilterChain.internalDoFilter(ApplicationFilterChain.java:174)
	at org.apache.catalina.core.ApplicationFilterChain.doFilter(ApplicationFilterChain.java:149)
	at org.springframework.web.servlet.resource.ResourceUrlEncodingFilter.doFilter(ResourceUrlEncodingFilter.java:66)
	at org.apache.catalina.core.ApplicationFilterChain.internalDoFilter(ApplicationFilterChain.java:174)
	at org.apache.catalina.core.ApplicationFilterChain.doFilter(ApplicationFilterChain.java:149)
	at org.springframework.security.web.FilterChainProxy.lambda$doFilterInternal$3(FilterChainProxy.java:231)
	at org.springframework.security.web.FilterChainProxy$VirtualFilterChain.doFilter(FilterChainProxy.java:365)
	at org.springframework.security.web.access.intercept.AuthorizationFilter.doFilter(AuthorizationFilter.java:100)
	at org.springframework.security.web.FilterChainProxy$VirtualFilterChain.doFilter(FilterChainProxy.java:374)
	at org.springframework.security.web.access.ExceptionTranslationFilter.doFilter(ExceptionTranslationFilter.java:126)
	at org.springframework.security.web.access.ExceptionTranslationFilter.doFilter(ExceptionTranslationFilter.java:120)
	at org.springframework.security.web.FilterChainProxy$VirtualFilterChain.doFilter(FilterChainProxy.java:374)
	at org.springframework.security.web.session.SessionManagementFilter.doFilter(SessionManagementFilter.java:131)
	at org.springframework.security.web.session.SessionManagementFilter.doFilter(SessionManagementFilter.java:85)
	at org.springframework.security.web.FilterChainProxy$VirtualFilterChain.doFilter(FilterChainProxy.java:374)
	at org.springframework.security.web.authentication.AnonymousAuthenticationFilter.doFilter(AnonymousAuthenticationFilter.java:100)
	at org.springframework.security.web.FilterChainProxy$VirtualFilterChain.doFilter(FilterChainProxy.java:374)
	at org.springframework.security.web.servletapi.SecurityContextHolderAwareRequestFilter.doFilter(SecurityContextHolderAwareRequestFilter.java:179)
	at org.springframework.security.web.FilterChainProxy$VirtualFilterChain.doFilter(FilterChainProxy.java:374)
	at org.springframework.security.web.savedrequest.RequestCacheAwareFilter.doFilter(RequestCacheAwareFilter.java:63)
	at org.springframework.security.web.FilterChainProxy$VirtualFilterChain.doFilter(FilterChainProxy.java:374)
	at org.springframework.security.web.authentication.AbstractAuthenticationProcessingFilter.doFilter(AbstractAuthenticationProcessingFilter.java:227)
	at org.springframework.security.web.authentication.AbstractAuthenticationProcessingFilter.doFilter(AbstractAuthenticationProcessingFilter.java:221)
	at org.springframework.security.web.FilterChainProxy$VirtualFilterChain.doFilter(FilterChainProxy.java:374)
	at org.springframework.security.web.authentication.logout.LogoutFilter.doFilter(LogoutFilter.java:107)
	at org.springframework.security.web.authentication.logout.LogoutFilter.doFilter(LogoutFilter.java:93)
	at org.springframework.security.web.FilterChainProxy$VirtualFilterChain.doFilter(FilterChainProxy.java:374)
	at org.springframework.security.web.csrf.CsrfFilter.doFilterInternal(CsrfFilter.java:131)
	at org.springframework.web.filter.OncePerRequestFilter.doFilter(OncePerRequestFilter.java:116)
	at org.springframework.security.web.FilterChainProxy$VirtualFilterChain.doFilter(FilterChainProxy.java:374)
	at org.springframework.web.filter.CorsFilter.doFilterInternal(CorsFilter.java:91)
	at org.springframework.web.filter.OncePerRequestFilter.doFilter(OncePerRequestFilter.java:116)
	at org.springframework.security.web.FilterChainProxy$VirtualFilterChain.doFilter(FilterChainProxy.java:374)
	at org.springframework.security.web.header.HeaderWriterFilter.doHeadersAfter(HeaderWriterFilter.java:90)
	at org.springframework.security.web.header.HeaderWriterFilter.doFilterInternal(HeaderWriterFilter.java:75)
	at org.springframework.web.filter.OncePerRequestFilter.doFilter(OncePerRequestFilter.java:116)
	at org.springframework.security.web.FilterChainProxy$VirtualFilterChain.doFilter(FilterChainProxy.java:374)
	at org.springframework.security.web.context.SecurityContextHolderFilter.doFilter(SecurityContextHolderFilter.java:82)
	at org.springframework.security.web.context.SecurityContextHolderFilter.doFilter(SecurityContextHolderFilter.java:69)
	at org.springframework.security.web.FilterChainProxy$VirtualFilterChain.doFilter(FilterChainProxy.java:374)
	at org.springframework.security.web.context.request.async.WebAsyncManagerIntegrationFilter.doFilterInternal(WebAsyncManagerIntegrationFilter.java:62)
	at org.springframework.web.filter.OncePerRequestFilter.doFilter(OncePerRequestFilter.java:116)
	at org.springframework.security.web.FilterChainProxy$VirtualFilterChain.doFilter(FilterChainProxy.java:374)
	at org.springframework.security.web.access.channel.ChannelProcessingFilter.doFilter(ChannelProcessingFilter.java:133)
	at org.springframework.security.web.FilterChainProxy$VirtualFilterChain.doFilter(FilterChainProxy.java:374)
	at org.springframework.security.web.session.DisableEncodeUrlFilter.doFilterInternal(DisableEncodeUrlFilter.java:42)
	at org.springframework.web.filter.OncePerRequestFilter.doFilter(OncePerRequestFilter.java:116)
	at org.springframework.security.web.FilterChainProxy$VirtualFilterChain.doFilter(FilterChainProxy.java:374)
	at org.springframework.security.web.FilterChainProxy.doFilterInternal(FilterChainProxy.java:233)
	at org.springframework.security.web.FilterChainProxy.doFilter(FilterChainProxy.java:191)
	at org.springframework.web.filter.DelegatingFilterProxy.invokeDelegate(DelegatingFilterProxy.java:352)
	at org.springframework.web.filter.DelegatingFilterProxy.doFilter(DelegatingFilterProxy.java:268)
	at org.apache.catalina.core.ApplicationFilterChain.internalDoFilter(ApplicationFilterChain.java:174)
	at org.apache.catalina.core.ApplicationFilterChain.doFilter(ApplicationFilterChain.java:149)
	at org.springframework.web.filter.RequestContextFilter.doFilterInternal(RequestContextFilter.java:100)
	at org.springframework.web.filter.OncePerRequestFilter.doFilter(OncePerRequestFilter.java:116)
	at org.apache.catalina.core.ApplicationFilterChain.internalDoFilter(ApplicationFilterChain.java:174)
	at org.apache.catalina.core.ApplicationFilterChain.doFilter(ApplicationFilterChain.java:149)
	at org.springframework.web.filter.FormContentFilter.doFilterInternal(FormContentFilter.java:93)
	at org.springframework.web.filter.OncePerRequestFilter.doFilter(OncePerRequestFilter.java:116)
	at org.apache.catalina.core.ApplicationFilterChain.internalDoFilter(ApplicationFilterChain.java:174)
	at org.apache.catalina.core.ApplicationFilterChain.doFilter(ApplicationFilterChain.java:149)
	at org.springframework.web.filter.CharacterEncodingFilter.doFilterInternal(CharacterEncodingFilter.java:201)
	at org.springframework.web.filter.OncePerRequestFilter.doFilter(OncePerRequestFilter.java:116)
	at org.apache.catalina.core.ApplicationFilterChain.internalDoFilter(ApplicationFilterChain.java:174)
	at org.apache.catalina.core.ApplicationFilterChain.doFilter(ApplicationFilterChain.java:149)
	at org.apache.catalina.core.StandardWrapperValve.invoke(StandardWrapperValve.java:167)
	at org.apache.catalina.core.StandardContextValve.invoke(StandardContextValve.java:90)
	at org.apache.catalina.authenticator.AuthenticatorBase.invoke(AuthenticatorBase.java:482)
	at org.apache.catalina.core.StandardHostValve.invoke(StandardHostValve.java:115)
	at org.apache.catalina.valves.ErrorReportValve.invoke(ErrorReportValve.java:93)
	at org.apache.catalina.core.StandardEngineValve.invoke(StandardEngineValve.java:74)
	at org.apache.catalina.connector.CoyoteAdapter.service(CoyoteAdapter.java:340)
	at org.apache.coyote.http2.StreamProcessor.service(StreamProcessor.java:432)
	at org.apache.coyote.AbstractProcessorLight.process(AbstractProcessorLight.java:63)
	at org.apache.coyote.http2.StreamProcessor.process(StreamProcessor.java:90)
	at org.apache.coyote.http2.StreamRunnable.run(StreamRunnable.java:35)
	at org.apache.tomcat.util.threads.ThreadPoolExecutor.runWorker(ThreadPoolExecutor.java:1191)
	at org.apache.tomcat.util.threads.ThreadPoolExecutor$Worker.run(ThreadPoolExecutor.java:659)
	at org.apache.tomcat.util.threads.TaskThread$WrappingRunnable.run(TaskThread.java:61)
	at java.base/java.lang.Thread.run(Thread.java:1570)
2025-12-10 11:35:59 [https-jsse-nio-8443-exec-10] WARN  o.s.w.s.m.m.a.ExceptionHandlerExceptionResolver - Resolved [org.springframework.web.HttpRequestMethodNotSupportedException: Request method 'POST' is not supported]
2025-12-10 11:36:04 [https-jsse-nio-8443-exec-2] INFO  c.t.sms.controller.LayoutController - 🔑 Loading permissions for user: admin (Role: SUPER_ADMIN)
2025-12-10 11:36:04 [https-jsse-nio-8443-exec-2] INFO  c.t.sms.controller.LayoutController - 📋 Found 15 employee-specific permissions
2025-12-10 11:36:04 [https-jsse-nio-8443-exec-2] INFO  c.t.sms.controller.LayoutController - 👥 Found 15 role-based permissions
2025-12-10 11:36:04 [https-jsse-nio-8443-exec-2] INFO  c.t.sms.controller.LayoutController - ✅ User has access to 15 menus: [1, 2, 3, 4, 5, 6, 7, 8, 9, 10, 11, 12, 13, 14, 15]
2025-12-10 11:36:05 [https-jsse-nio-8443-exec-2] INFO  c.t.s.c.OnlinePaymentModeController - REST request to get active payment modes
2025-12-10 11:36:05 [https-jsse-nio-8443-exec-5] INFO  c.t.s.c.FeesManagerController - GET /api/fees-manager - page: 0, size: 100000
2025-12-10 11:36:05 [https-jsse-nio-8443-exec-7] INFO  c.t.s.s.AdmissionEnhancedService - Fetching active courses
2025-12-10 11:36:05 [https-jsse-nio-8443-exec-2] INFO  c.t.s.s.OnlinePaymentModeService - Fetching active payment modes
2025-12-10 11:36:09 [https-jsse-nio-8443-exec-9] INFO  c.t.s.c.FeesManagerController - GET /api/fees-manager/installments/REG8001
2025-12-10 11:36:14 [https-jsse-nio-8443-exec-8] INFO  c.t.sms.controller.LayoutController - 🔑 Loading permissions for user: admin (Role: SUPER_ADMIN)
2025-12-10 11:36:14 [https-jsse-nio-8443-exec-8] INFO  c.t.sms.controller.LayoutController - 📋 Found 15 employee-specific permissions
2025-12-10 11:36:14 [https-jsse-nio-8443-exec-8] INFO  c.t.sms.controller.LayoutController - 👥 Found 15 role-based permissions
2025-12-10 11:36:14 [https-jsse-nio-8443-exec-8] INFO  c.t.sms.controller.LayoutController - ✅ User has access to 15 menus: [1, 2, 3, 4, 5, 6, 7, 8, 9, 10, 11, 12, 13, 14, 15]
2025-12-10 11:36:14 [https-jsse-nio-8443-exec-10] INFO  c.t.s.s.AdmissionEnhancedService - Fetching active courses
2025-12-10 11:36:15 [https-jsse-nio-8443-exec-8] INFO  c.t.s.s.AdmissionEnhancedService - Fetching active packages with courses
2025-12-10 11:36:15 [https-jsse-nio-8443-exec-2] INFO  c.tts.sms.service.AdmissionService - Retrieved 25 admissions out of 7022 total
2025-12-10 11:36:20 [https-jsse-nio-8443-exec-5] INFO  c.tts.sms.service.AdmissionService - Retrieved admission: Kunal  Patil
2025-12-10 11:36:34 [https-jsse-nio-8443-exec-10] INFO  c.t.sms.controller.LayoutController - 🔑 Loading permissions for user: admin (Role: SUPER_ADMIN)
2025-12-10 11:36:34 [https-jsse-nio-8443-exec-10] INFO  c.t.sms.controller.LayoutController - 📋 Found 15 employee-specific permissions
2025-12-10 11:36:34 [https-jsse-nio-8443-exec-10] INFO  c.t.sms.controller.LayoutController - 👥 Found 15 role-based permissions
2025-12-10 11:36:34 [https-jsse-nio-8443-exec-10] INFO  c.t.sms.controller.LayoutController - ✅ User has access to 15 menus: [1, 2, 3, 4, 5, 6, 7, 8, 9, 10, 11, 12, 13, 14, 15]
2025-12-10 11:36:35 [https-jsse-nio-8443-exec-5] INFO  c.t.s.c.OnlinePaymentModeController - REST request to get active payment modes
2025-12-10 11:36:35 [https-jsse-nio-8443-exec-6] INFO  c.t.s.c.FeesManagerController - GET /api/fees-manager - page: 0, size: 100000
2025-12-10 11:36:35 [https-jsse-nio-8443-exec-5] INFO  c.t.s.s.OnlinePaymentModeService - Fetching active payment modes
2025-12-10 11:36:35 [https-jsse-nio-8443-exec-9] INFO  c.t.s.s.AdmissionEnhancedService - Fetching active courses
2025-12-10 11:36:40 [https-jsse-nio-8443-exec-1] INFO  c.t.s.c.FeesManagerController - GET /api/fees-manager/installments/REG8001
2025-12-10 11:36:44 [https-jsse-nio-8443-exec-5] INFO  c.t.sms.controller.LayoutController - 🔑 Loading permissions for user: admin (Role: SUPER_ADMIN)
2025-12-10 11:36:44 [https-jsse-nio-8443-exec-5] INFO  c.t.sms.controller.LayoutController - 📋 Found 15 employee-specific permissions
2025-12-10 11:36:44 [https-jsse-nio-8443-exec-5] INFO  c.t.sms.controller.LayoutController - 👥 Found 15 role-based permissions
2025-12-10 11:36:44 [https-jsse-nio-8443-exec-5] INFO  c.t.sms.controller.LayoutController - ✅ User has access to 15 menus: [1, 2, 3, 4, 5, 6, 7, 8, 9, 10, 11, 12, 13, 14, 15]
2025-12-10 11:36:44 [https-jsse-nio-8443-exec-2] INFO  c.t.s.c.OnlinePaymentModeController - REST request to get active payment modes
2025-12-10 11:36:44 [https-jsse-nio-8443-exec-6] INFO  c.t.s.c.FeesManagerController - GET /api/fees-manager - page: 0, size: 100000
2025-12-10 11:36:44 [https-jsse-nio-8443-exec-4] INFO  c.t.s.s.AdmissionEnhancedService - Fetching active courses
2025-12-10 11:36:44 [https-jsse-nio-8443-exec-2] INFO  c.t.s.s.OnlinePaymentModeService - Fetching active payment modes
2025-12-10 11:36:50 [https-jsse-nio-8443-exec-10] INFO  c.t.s.c.FeesManagerController - GET /api/fees-manager/installments/REG8001
2025-12-10 11:36:55 [https-jsse-nio-8443-exec-4] INFO  c.t.sms.controller.LayoutController - 🔑 Loading permissions for user: admin (Role: SUPER_ADMIN)
2025-12-10 11:36:55 [https-jsse-nio-8443-exec-4] INFO  c.t.sms.controller.LayoutController - 📋 Found 15 employee-specific permissions
2025-12-10 11:36:55 [https-jsse-nio-8443-exec-4] INFO  c.t.sms.controller.LayoutController - 👥 Found 15 role-based permissions
2025-12-10 11:36:55 [https-jsse-nio-8443-exec-4] INFO  c.t.sms.controller.LayoutController - ✅ User has access to 15 menus: [1, 2, 3, 4, 5, 6, 7, 8, 9, 10, 11, 12, 13, 14, 15]
2025-12-10 11:36:55 [https-jsse-nio-8443-exec-10] INFO  c.t.s.s.AdmissionEnhancedService - Fetching active courses
2025-12-10 11:36:55 [https-jsse-nio-8443-exec-7] INFO  c.t.s.s.AdmissionEnhancedService - Fetching active packages with courses
2025-12-10 11:36:55 [https-jsse-nio-8443-exec-5] INFO  c.tts.sms.service.AdmissionService - Retrieved 25 admissions out of 7022 total
2025-12-10 11:36:58 [https-jsse-nio-8443-exec-6] INFO  c.tts.sms.service.AdmissionService - Retrieved admission: Kunal  Patil
2025-12-10 11:37:04 [https-jsse-nio-8443-exec-2] INFO  c.tts.sms.service.AdmissionService - Retrieved admission: Kunal  Patil
2025-12-10 11:37:26 [https-jsse-nio-8443-exec-3] INFO  c.tts.sms.service.AdmissionService - Retrieved admission: Kunal  Patil
2025-12-10 11:37:35 [https-jsse-nio-8443-exec-5] INFO  c.tts.sms.service.AdmissionService - Updated admission with id: 7023
2025-12-10 11:37:35 [https-jsse-nio-8443-exec-6] INFO  c.tts.sms.service.AdmissionService - Retrieved 25 admissions out of 7022 total
2025-12-10 11:37:38 [https-jsse-nio-8443-exec-10] INFO  c.tts.sms.service.AdmissionService - Retrieved admission: Kunal  Patil
2025-12-10 11:37:40 [https-jsse-nio-8443-exec-5] INFO  c.t.sms.controller.LayoutController - 🔑 Loading permissions for user: admin (Role: SUPER_ADMIN)
2025-12-10 11:37:40 [https-jsse-nio-8443-exec-5] INFO  c.t.sms.controller.LayoutController - 📋 Found 15 employee-specific permissions
2025-12-10 11:37:40 [https-jsse-nio-8443-exec-5] INFO  c.t.sms.controller.LayoutController - 👥 Found 15 role-based permissions
2025-12-10 11:37:40 [https-jsse-nio-8443-exec-5] INFO  c.t.sms.controller.LayoutController - ✅ User has access to 15 menus: [1, 2, 3, 4, 5, 6, 7, 8, 9, 10, 11, 12, 13, 14, 15]
2025-12-10 11:37:40 [https-jsse-nio-8443-exec-8] INFO  c.t.s.s.AdmissionEnhancedService - Fetching active courses
2025-12-10 11:37:41 [https-jsse-nio-8443-exec-2] INFO  c.t.s.s.AdmissionEnhancedService - Fetching active packages with courses
2025-12-10 11:37:41 [https-jsse-nio-8443-exec-6] INFO  c.tts.sms.service.AdmissionService - Retrieved 25 admissions out of 7022 total
2025-12-10 11:37:41 [https-jsse-nio-8443-exec-3] INFO  c.t.sms.controller.LayoutController - 🔑 Loading permissions for user: admin (Role: SUPER_ADMIN)
2025-12-10 11:37:41 [https-jsse-nio-8443-exec-3] INFO  c.t.sms.controller.LayoutController - 📋 Found 15 employee-specific permissions
2025-12-10 11:37:41 [https-jsse-nio-8443-exec-3] INFO  c.t.sms.controller.LayoutController - 👥 Found 15 role-based permissions
2025-12-10 11:37:41 [https-jsse-nio-8443-exec-3] INFO  c.t.sms.controller.LayoutController - ✅ User has access to 15 menus: [1, 2, 3, 4, 5, 6, 7, 8, 9, 10, 11, 12, 13, 14, 15]
2025-12-10 11:37:41 [https-jsse-nio-8443-exec-2] INFO  c.t.s.s.AdmissionEnhancedService - Fetching active courses
2025-12-10 11:37:41 [https-jsse-nio-8443-exec-5] INFO  c.t.s.s.AdmissionEnhancedService - Fetching active packages with courses
2025-12-10 11:37:41 [https-jsse-nio-8443-exec-1] INFO  c.t.sms.controller.LayoutController - 🔑 Loading permissions for user: admin (Role: SUPER_ADMIN)
2025-12-10 11:37:41 [https-jsse-nio-8443-exec-8] INFO  c.tts.sms.service.AdmissionService - Retrieved 25 admissions out of 7022 total
2025-12-10 11:37:41 [https-jsse-nio-8443-exec-1] INFO  c.t.sms.controller.LayoutController - 📋 Found 15 employee-specific permissions
2025-12-10 11:37:42 [https-jsse-nio-8443-exec-1] INFO  c.t.sms.controller.LayoutController - 👥 Found 15 role-based permissions
2025-12-10 11:37:42 [https-jsse-nio-8443-exec-1] INFO  c.t.sms.controller.LayoutController - ✅ User has access to 15 menus: [1, 2, 3, 4, 5, 6, 7, 8, 9, 10, 11, 12, 13, 14, 15]
2025-12-10 11:37:42 [https-jsse-nio-8443-exec-7] INFO  c.t.s.s.AdmissionEnhancedService - Fetching active packages with courses
2025-12-10 11:37:42 [https-jsse-nio-8443-exec-8] WARN  o.s.w.s.m.m.a.ExceptionHandlerExceptionResolver - Resolved [org.apache.catalina.connector.ClientAbortException: org.apache.coyote.CloseNowException: Connection [26], Stream [29], This stream is in state [CLOSED_RST_RX] and is not writable]
2025-12-10 11:37:42 [https-jsse-nio-8443-exec-8] INFO  c.t.s.s.AdmissionEnhancedService - Fetching active courses
2025-12-10 11:37:42 [https-jsse-nio-8443-exec-7] WARN  o.s.w.s.m.m.a.ExceptionHandlerExceptionResolver - Resolved [org.apache.catalina.connector.ClientAbortException: org.apache.coyote.CloseNowException: Connection [26], Stream [47], This stream is in state [CLOSED_RST_RX] and is not writable]
2025-12-10 11:37:42 [https-jsse-nio-8443-exec-8] WARN  o.s.w.s.m.m.a.ExceptionHandlerExceptionResolver - Resolved [org.apache.catalina.connector.ClientAbortException: org.apache.coyote.CloseNowException: Connection [26], Stream [53], This stream is in state [CLOSED_RST_RX] and is not writable]
2025-12-10 11:37:42 [https-jsse-nio-8443-exec-5] INFO  c.t.s.s.AdmissionEnhancedService - Fetching active packages with courses
2025-12-10 11:37:42 [https-jsse-nio-8443-exec-12] INFO  c.t.s.s.AdmissionEnhancedService - Fetching active courses
2025-12-10 11:37:42 [https-jsse-nio-8443-exec-3] INFO  c.tts.sms.service.AdmissionService - Retrieved 25 admissions out of 7022 total
2025-12-10 11:37:42 [https-jsse-nio-8443-exec-10] WARN  o.s.w.s.m.m.a.ExceptionHandlerExceptionResolver - Resolved [org.apache.catalina.connector.ClientAbortException: org.apache.coyote.CloseNowException: Connection [26], Stream [51], This stream is in state [CLOSED_RST_RX] and is not writable]
2025-12-10 11:37:42 [https-jsse-nio-8443-exec-4] INFO  c.tts.sms.service.AdmissionService - Retrieved 25 admissions out of 7022 total
2025-12-10 11:37:42 [https-jsse-nio-8443-exec-6] WARN  o.s.w.s.m.m.a.ExceptionHandlerExceptionResolver - Resolved [org.apache.catalina.connector.ClientAbortException: org.apache.coyote.CloseNowException: Connection [26], Stream [49], This stream is in state [CLOSED_RST_RX] and is not writable]
2025-12-10 11:37:43 [https-jsse-nio-8443-exec-3] WARN  o.s.w.s.m.m.a.ExceptionHandlerExceptionResolver - Resolved [org.apache.catalina.connector.ClientAbortException: org.apache.coyote.CloseNowException: Connection [26], Stream [45], This stream is in state [CLOSED_RST_RX] and is not writable]
2025-12-10 11:37:46 [https-jsse-nio-8443-exec-7] INFO  c.tts.sms.service.AdmissionService - Retrieved admission: Kunal  Patil
2025-12-10 11:37:55 [https-jsse-nio-8443-exec-5] WARN  o.s.w.s.m.m.a.ExceptionHandlerExceptionResolver - Resolved [org.springframework.web.servlet.resource.NoResourceFoundException: No static resource appspecific/com.chrome.devtools.json.]
2025-12-10 11:38:02 [https-jsse-nio-8443-exec-7] INFO  c.tts.sms.service.AdmissionService - Retrieved admission: Kunal  Patil
2025-12-10 11:38:13 [https-jsse-nio-8443-exec-5] INFO  c.t.sms.controller.LayoutController - 🔑 Loading permissions for user: admin (Role: SUPER_ADMIN)
2025-12-10 11:38:13 [https-jsse-nio-8443-exec-5] INFO  c.t.sms.controller.LayoutController - 📋 Found 15 employee-specific permissions
2025-12-10 11:38:13 [https-jsse-nio-8443-exec-5] INFO  c.t.sms.controller.LayoutController - 👥 Found 15 role-based permissions
2025-12-10 11:38:13 [https-jsse-nio-8443-exec-5] INFO  c.t.sms.controller.LayoutController - ✅ User has access to 15 menus: [1, 2, 3, 4, 5, 6, 7, 8, 9, 10, 11, 12, 13, 14, 15]
2025-12-10 11:38:13 [https-jsse-nio-8443-exec-8] INFO  c.t.s.c.OnlinePaymentModeController - REST request to get active payment modes
2025-12-10 11:38:13 [https-jsse-nio-8443-exec-2] INFO  c.t.s.c.FeesManagerController - GET /api/fees-manager - page: 0, size: 100000
2025-12-10 11:38:13 [https-jsse-nio-8443-exec-8] INFO  c.t.s.s.OnlinePaymentModeService - Fetching active payment modes
2025-12-10 11:38:13 [https-jsse-nio-8443-exec-7] INFO  c.t.s.s.AdmissionEnhancedService - Fetching active courses
2025-12-10 11:38:18 [https-jsse-nio-8443-exec-3] INFO  c.t.s.c.FeesManagerController - GET /api/fees-manager/receipts/REG8001
2025-12-10 11:38:18 [https-jsse-nio-8443-exec-3] INFO  c.tts.sms.service.FeesManagerService -  Found 6 records in fee_collections (old data)
2025-12-10 11:38:18 [https-jsse-nio-8443-exec-3] INFO  c.tts.sms.service.FeesManagerService - 📊 Total receipts: 6 (New: 0, Old: 6)
2025-12-10 11:38:21 [https-jsse-nio-8443-exec-9] INFO  c.t.s.c.FeesManagerController - GET /api/fees-manager/installments/REG8001
2025-12-10 11:38:36 [https-jsse-nio-8443-exec-6] ERROR c.t.s.e.GlobalExceptionHandler - Unexpected error occurred
org.springframework.web.HttpRequestMethodNotSupportedException: Request method 'POST' is not supported
	at org.springframework.web.servlet.mvc.method.RequestMappingInfoHandlerMapping.handleNoMatch(RequestMappingInfoHandlerMapping.java:265)
	at org.springframework.web.servlet.handler.AbstractHandlerMethodMapping.lookupHandlerMethod(AbstractHandlerMethodMapping.java:441)
	at org.springframework.web.servlet.handler.AbstractHandlerMethodMapping.getHandlerInternal(AbstractHandlerMethodMapping.java:382)
	at org.springframework.web.servlet.mvc.method.RequestMappingInfoHandlerMapping.getHandlerInternal(RequestMappingInfoHandlerMapping.java:126)
	at org.springframework.web.servlet.mvc.method.RequestMappingInfoHandlerMapping.getHandlerInternal(RequestMappingInfoHandlerMapping.java:68)
	at org.springframework.web.servlet.handler.AbstractHandlerMapping.getHandler(AbstractHandlerMapping.java:507)
	at org.springframework.web.servlet.DispatcherServlet.getHandler(DispatcherServlet.java:1283)
	at org.springframework.web.servlet.DispatcherServlet.doDispatch(DispatcherServlet.java:1065)
	at org.springframework.web.servlet.DispatcherServlet.doService(DispatcherServlet.java:979)
	at org.springframework.web.servlet.FrameworkServlet.processRequest(FrameworkServlet.java:1014)
	at org.springframework.web.servlet.FrameworkServlet.doPost(FrameworkServlet.java:914)
	at jakarta.servlet.http.HttpServlet.service(HttpServlet.java:590)
	at org.springframework.web.servlet.FrameworkServlet.service(FrameworkServlet.java:885)
	at jakarta.servlet.http.HttpServlet.service(HttpServlet.java:658)
	at org.apache.catalina.core.ApplicationFilterChain.internalDoFilter(ApplicationFilterChain.java:205)
	at org.apache.catalina.core.ApplicationFilterChain.doFilter(ApplicationFilterChain.java:149)
	at org.apache.tomcat.websocket.server.WsFilter.doFilter(WsFilter.java:51)
	at org.apache.catalina.core.ApplicationFilterChain.internalDoFilter(ApplicationFilterChain.java:174)
	at org.apache.catalina.core.ApplicationFilterChain.doFilter(ApplicationFilterChain.java:149)
	at org.springframework.web.servlet.resource.ResourceUrlEncodingFilter.doFilter(ResourceUrlEncodingFilter.java:66)
	at org.apache.catalina.core.ApplicationFilterChain.internalDoFilter(ApplicationFilterChain.java:174)
	at org.apache.catalina.core.ApplicationFilterChain.doFilter(ApplicationFilterChain.java:149)
	at org.springframework.security.web.FilterChainProxy.lambda$doFilterInternal$3(FilterChainProxy.java:231)
	at org.springframework.security.web.FilterChainProxy$VirtualFilterChain.doFilter(FilterChainProxy.java:365)
	at org.springframework.security.web.access.intercept.AuthorizationFilter.doFilter(AuthorizationFilter.java:100)
	at org.springframework.security.web.FilterChainProxy$VirtualFilterChain.doFilter(FilterChainProxy.java:374)
	at org.springframework.security.web.access.ExceptionTranslationFilter.doFilter(ExceptionTranslationFilter.java:126)
	at org.springframework.security.web.access.ExceptionTranslationFilter.doFilter(ExceptionTranslationFilter.java:120)
	at org.springframework.security.web.FilterChainProxy$VirtualFilterChain.doFilter(FilterChainProxy.java:374)
	at org.springframework.security.web.session.SessionManagementFilter.doFilter(SessionManagementFilter.java:131)
	at org.springframework.security.web.session.SessionManagementFilter.doFilter(SessionManagementFilter.java:85)
	at org.springframework.security.web.FilterChainProxy$VirtualFilterChain.doFilter(FilterChainProxy.java:374)
	at org.springframework.security.web.authentication.AnonymousAuthenticationFilter.doFilter(AnonymousAuthenticationFilter.java:100)
	at org.springframework.security.web.FilterChainProxy$VirtualFilterChain.doFilter(FilterChainProxy.java:374)
	at org.springframework.security.web.servletapi.SecurityContextHolderAwareRequestFilter.doFilter(SecurityContextHolderAwareRequestFilter.java:179)
	at org.springframework.security.web.FilterChainProxy$VirtualFilterChain.doFilter(FilterChainProxy.java:374)
	at org.springframework.security.web.savedrequest.RequestCacheAwareFilter.doFilter(RequestCacheAwareFilter.java:63)
	at org.springframework.security.web.FilterChainProxy$VirtualFilterChain.doFilter(FilterChainProxy.java:374)
	at org.springframework.security.web.authentication.AbstractAuthenticationProcessingFilter.doFilter(AbstractAuthenticationProcessingFilter.java:227)
	at org.springframework.security.web.authentication.AbstractAuthenticationProcessingFilter.doFilter(AbstractAuthenticationProcessingFilter.java:221)
	at org.springframework.security.web.FilterChainProxy$VirtualFilterChain.doFilter(FilterChainProxy.java:374)
	at org.springframework.security.web.authentication.logout.LogoutFilter.doFilter(LogoutFilter.java:107)
	at org.springframework.security.web.authentication.logout.LogoutFilter.doFilter(LogoutFilter.java:93)
	at org.springframework.security.web.FilterChainProxy$VirtualFilterChain.doFilter(FilterChainProxy.java:374)
	at org.springframework.security.web.csrf.CsrfFilter.doFilterInternal(CsrfFilter.java:131)
	at org.springframework.web.filter.OncePerRequestFilter.doFilter(OncePerRequestFilter.java:116)
	at org.springframework.security.web.FilterChainProxy$VirtualFilterChain.doFilter(FilterChainProxy.java:374)
	at org.springframework.web.filter.CorsFilter.doFilterInternal(CorsFilter.java:91)
	at org.springframework.web.filter.OncePerRequestFilter.doFilter(OncePerRequestFilter.java:116)
	at org.springframework.security.web.FilterChainProxy$VirtualFilterChain.doFilter(FilterChainProxy.java:374)
	at org.springframework.security.web.header.HeaderWriterFilter.doHeadersAfter(HeaderWriterFilter.java:90)
	at org.springframework.security.web.header.HeaderWriterFilter.doFilterInternal(HeaderWriterFilter.java:75)
	at org.springframework.web.filter.OncePerRequestFilter.doFilter(OncePerRequestFilter.java:116)
	at org.springframework.security.web.FilterChainProxy$VirtualFilterChain.doFilter(FilterChainProxy.java:374)
	at org.springframework.security.web.context.SecurityContextHolderFilter.doFilter(SecurityContextHolderFilter.java:82)
	at org.springframework.security.web.context.SecurityContextHolderFilter.doFilter(SecurityContextHolderFilter.java:69)
	at org.springframework.security.web.FilterChainProxy$VirtualFilterChain.doFilter(FilterChainProxy.java:374)
	at org.springframework.security.web.context.request.async.WebAsyncManagerIntegrationFilter.doFilterInternal(WebAsyncManagerIntegrationFilter.java:62)
	at org.springframework.web.filter.OncePerRequestFilter.doFilter(OncePerRequestFilter.java:116)
	at org.springframework.security.web.FilterChainProxy$VirtualFilterChain.doFilter(FilterChainProxy.java:374)
	at org.springframework.security.web.access.channel.ChannelProcessingFilter.doFilter(ChannelProcessingFilter.java:133)
	at org.springframework.security.web.FilterChainProxy$VirtualFilterChain.doFilter(FilterChainProxy.java:374)
	at org.springframework.security.web.session.DisableEncodeUrlFilter.doFilterInternal(DisableEncodeUrlFilter.java:42)
	at org.springframework.web.filter.OncePerRequestFilter.doFilter(OncePerRequestFilter.java:116)
	at org.springframework.security.web.FilterChainProxy$VirtualFilterChain.doFilter(FilterChainProxy.java:374)
	at org.springframework.security.web.FilterChainProxy.doFilterInternal(FilterChainProxy.java:233)
	at org.springframework.security.web.FilterChainProxy.doFilter(FilterChainProxy.java:191)
	at org.springframework.web.filter.DelegatingFilterProxy.invokeDelegate(DelegatingFilterProxy.java:352)
	at org.springframework.web.filter.DelegatingFilterProxy.doFilter(DelegatingFilterProxy.java:268)
	at org.apache.catalina.core.ApplicationFilterChain.internalDoFilter(ApplicationFilterChain.java:174)
	at org.apache.catalina.core.ApplicationFilterChain.doFilter(ApplicationFilterChain.java:149)
	at org.springframework.web.filter.RequestContextFilter.doFilterInternal(RequestContextFilter.java:100)
	at org.springframework.web.filter.OncePerRequestFilter.doFilter(OncePerRequestFilter.java:116)
	at org.apache.catalina.core.ApplicationFilterChain.internalDoFilter(ApplicationFilterChain.java:174)
	at org.apache.catalina.core.ApplicationFilterChain.doFilter(ApplicationFilterChain.java:149)
	at org.springframework.web.filter.FormContentFilter.doFilterInternal(FormContentFilter.java:93)
	at org.springframework.web.filter.OncePerRequestFilter.doFilter(OncePerRequestFilter.java:116)
	at org.apache.catalina.core.ApplicationFilterChain.internalDoFilter(ApplicationFilterChain.java:174)
	at org.apache.catalina.core.ApplicationFilterChain.doFilter(ApplicationFilterChain.java:149)
	at org.springframework.web.filter.CharacterEncodingFilter.doFilterInternal(CharacterEncodingFilter.java:201)
	at org.springframework.web.filter.OncePerRequestFilter.doFilter(OncePerRequestFilter.java:116)
	at org.apache.catalina.core.ApplicationFilterChain.internalDoFilter(ApplicationFilterChain.java:174)
	at org.apache.catalina.core.ApplicationFilterChain.doFilter(ApplicationFilterChain.java:149)
	at org.apache.catalina.core.StandardWrapperValve.invoke(StandardWrapperValve.java:167)
	at org.apache.catalina.core.StandardContextValve.invoke(StandardContextValve.java:90)
	at org.apache.catalina.authenticator.AuthenticatorBase.invoke(AuthenticatorBase.java:482)
	at org.apache.catalina.core.StandardHostValve.invoke(StandardHostValve.java:115)
	at org.apache.catalina.valves.ErrorReportValve.invoke(ErrorReportValve.java:93)
	at org.apache.catalina.core.StandardEngineValve.invoke(StandardEngineValve.java:74)
	at org.apache.catalina.connector.CoyoteAdapter.service(CoyoteAdapter.java:340)
	at org.apache.coyote.http2.StreamProcessor.service(StreamProcessor.java:432)
	at org.apache.coyote.AbstractProcessorLight.process(AbstractProcessorLight.java:63)
	at org.apache.coyote.http2.StreamProcessor.process(StreamProcessor.java:90)
	at org.apache.coyote.http2.StreamRunnable.run(StreamRunnable.java:35)
	at org.apache.tomcat.util.threads.ThreadPoolExecutor.runWorker(ThreadPoolExecutor.java:1191)
	at org.apache.tomcat.util.threads.ThreadPoolExecutor$Worker.run(ThreadPoolExecutor.java:659)
	at org.apache.tomcat.util.threads.TaskThread$WrappingRunnable.run(TaskThread.java:61)
	at java.base/java.lang.Thread.run(Thread.java:1570)
2025-12-10 11:38:36 [https-jsse-nio-8443-exec-6] WARN  o.s.w.s.m.m.a.ExceptionHandlerExceptionResolver - Resolved [org.springframework.web.HttpRequestMethodNotSupportedException: Request method 'POST' is not supported]
2025-12-10 11:38:51 [https-jsse-nio-8443-exec-2] WARN  o.s.w.s.m.m.a.ExceptionHandlerExceptionResolver - Resolved [org.springframework.web.servlet.resource.NoResourceFoundException: No static resource appspecific/com.chrome.devtools.json.]
2025-12-10 11:39:32 [https-jsse-nio-8443-exec-12] INFO  c.t.sms.controller.LayoutController - 🔑 Loading permissions for user: admin (Role: SUPER_ADMIN)
2025-12-10 11:39:32 [https-jsse-nio-8443-exec-12] INFO  c.t.sms.controller.LayoutController - 📋 Found 15 employee-specific permissions
2025-12-10 11:39:32 [https-jsse-nio-8443-exec-12] INFO  c.t.sms.controller.LayoutController - 👥 Found 15 role-based permissions
2025-12-10 11:39:32 [https-jsse-nio-8443-exec-12] INFO  c.t.sms.controller.LayoutController - ✅ User has access to 15 menus: [1, 2, 3, 4, 5, 6, 7, 8, 9, 10, 11, 12, 13, 14, 15]
2025-12-10 11:39:32 [https-jsse-nio-8443-exec-2] WARN  o.s.w.s.m.m.a.ExceptionHandlerExceptionResolver - Resolved [org.springframework.web.servlet.resource.NoResourceFoundException: No static resource appspecific/com.chrome.devtools.json.]
2025-12-10 11:39:33 [https-jsse-nio-8443-exec-12] INFO  c.t.s.s.AdmissionEnhancedService - Fetching active courses
2025-12-10 11:39:33 [https-jsse-nio-8443-exec-1] INFO  c.t.s.s.AdmissionEnhancedService - Fetching active packages with courses
2025-12-10 11:39:33 [https-jsse-nio-8443-exec-9] INFO  c.tts.sms.service.AdmissionService - Retrieved 25 admissions out of 7022 total
2025-12-10 11:39:35 [https-jsse-nio-8443-exec-11] INFO  c.t.sms.controller.LayoutController - 🔑 Loading permissions for user: admin (Role: SUPER_ADMIN)
2025-12-10 11:39:35 [https-jsse-nio-8443-exec-11] INFO  c.t.sms.controller.LayoutController - 📋 Found 15 employee-specific permissions
2025-12-10 11:39:35 [https-jsse-nio-8443-exec-11] INFO  c.t.sms.controller.LayoutController - 👥 Found 15 role-based permissions
2025-12-10 11:39:35 [https-jsse-nio-8443-exec-11] INFO  c.t.sms.controller.LayoutController - ✅ User has access to 15 menus: [1, 2, 3, 4, 5, 6, 7, 8, 9, 10, 11, 12, 13, 14, 15]
2025-12-10 11:39:36 [https-jsse-nio-8443-exec-3] WARN  o.s.w.s.m.m.a.ExceptionHandlerExceptionResolver - Resolved [org.springframework.web.servlet.resource.NoResourceFoundException: No static resource appspecific/com.chrome.devtools.json.]
2025-12-10 11:39:36 [https-jsse-nio-8443-exec-10] INFO  c.t.s.s.AdmissionEnhancedService - Fetching active packages with courses
2025-12-10 11:39:36 [https-jsse-nio-8443-exec-8] INFO  c.t.s.s.AdmissionEnhancedService - Fetching active courses
2025-12-10 11:39:37 [https-jsse-nio-8443-exec-12] INFO  c.tts.sms.service.AdmissionService - Retrieved 25 admissions out of 7022 total
2025-12-10 11:39:43 [https-jsse-nio-8443-exec-2] INFO  c.tts.sms.service.AdmissionService - Search returned 0 results
2025-12-10 11:39:44 [https-jsse-nio-8443-exec-6] ERROR c.t.s.e.GlobalExceptionHandler - Resource not found: No enquiry found for mobile: 7020268464
2025-12-10 11:39:44 [https-jsse-nio-8443-exec-6] WARN  o.s.w.s.m.m.a.ExceptionHandlerExceptionResolver - Resolved [com.tts.sms.exception.ResourceNotFoundException: No enquiry found for mobile: 7020268464]
2025-12-10 11:40:11 [https-jsse-nio-8443-exec-11] INFO  c.t.s.s.AdmissionEnhancedService - Fetching subjects for course: 2
2025-12-10 11:40:11 [https-jsse-nio-8443-exec-3] INFO  c.t.s.s.AdmissionEnhancedService - Fetching subjects for course: 89
2025-12-10 11:40:11 [https-jsse-nio-8443-exec-8] INFO  c.t.s.s.AdmissionEnhancedService - Fetching subjects for course: 8
2025-12-10 11:42:39 [https-jsse-nio-8443-exec-1] WARN  c.tts.sms.service.AdmissionService - No enquiry found for mobile: 7020268499 - Creating admission without enquiry link
2025-12-10 11:42:39 [https-jsse-nio-8443-exec-1] INFO  c.tts.sms.service.AdmissionService -  Registration counter initialized to: 8002
2025-12-10 11:42:39 [https-jsse-nio-8443-exec-1] INFO  c.tts.sms.service.AdmissionService - Created admission with id: 7024 and reg no: REG8002
2025-12-10 11:42:39 [https-jsse-nio-8443-exec-1] INFO  c.tts.sms.service.AdmissionService -  NEW ADMISSION: Creating fees record for regNo: REG8002
2025-12-10 11:42:39 [https-jsse-nio-8443-exec-1] INFO  c.tts.sms.service.AdmissionService -  Created and flushed fees record for regNo: REG8002
2025-12-10 11:42:40 [https-jsse-nio-8443-exec-1] INFO  c.tts.sms.service.AdmissionService -  Generated and saved 3 installments with config
2025-12-10 11:42:40 [https-jsse-nio-8443-exec-7] INFO  c.tts.sms.service.AdmissionService - Retrieved 25 admissions out of 7023 total
2025-12-10 11:42:50 [https-jsse-nio-8443-exec-7] INFO  c.tts.sms.service.AdmissionService - Retrieved admission: KTM  Lover
2025-12-10 11:44:11 [https-jsse-nio-8443-exec-6] INFO  c.tts.sms.service.AdmissionService - Retrieved admission: KTM  Lover
2025-12-10 11:44:53 [https-jsse-nio-8443-exec-7] INFO  c.t.sms.controller.LayoutController - 🔑 Loading permissions for user: admin (Role: SUPER_ADMIN)
2025-12-10 11:44:53 [https-jsse-nio-8443-exec-7] INFO  c.t.sms.controller.LayoutController - 📋 Found 15 employee-specific permissions
2025-12-10 11:44:53 [https-jsse-nio-8443-exec-7] INFO  c.t.sms.controller.LayoutController - 👥 Found 15 role-based permissions
2025-12-10 11:44:53 [https-jsse-nio-8443-exec-7] INFO  c.t.sms.controller.LayoutController - ✅ User has access to 15 menus: [1, 2, 3, 4, 5, 6, 7, 8, 9, 10, 11, 12, 13, 14, 15]
2025-12-10 11:44:54 [https-jsse-nio-8443-exec-12] INFO  c.t.s.s.AdmissionEnhancedService - Fetching active packages with courses
2025-12-10 11:44:54 [https-jsse-nio-8443-exec-1] INFO  c.t.s.s.AdmissionEnhancedService - Fetching active courses
2025-12-10 11:44:54 [https-jsse-nio-8443-exec-9] INFO  c.tts.sms.service.AdmissionService - Retrieved 25 admissions out of 7023 total
2025-12-10 11:44:59 [https-jsse-nio-8443-exec-2] INFO  c.tts.sms.service.AdmissionService - Retrieved admission: KTM  Lover
2025-12-10 11:45:03 [https-jsse-nio-8443-exec-11] INFO  c.t.sms.controller.LayoutController - 🔑 Loading permissions for user: admin (Role: SUPER_ADMIN)
2025-12-10 11:45:03 [https-jsse-nio-8443-exec-11] INFO  c.t.sms.controller.LayoutController - 📋 Found 15 employee-specific permissions
2025-12-10 11:45:03 [https-jsse-nio-8443-exec-11] INFO  c.t.sms.controller.LayoutController - 👥 Found 15 role-based permissions
2025-12-10 11:45:03 [https-jsse-nio-8443-exec-11] INFO  c.t.sms.controller.LayoutController - ✅ User has access to 15 menus: [1, 2, 3, 4, 5, 6, 7, 8, 9, 10, 11, 12, 13, 14, 15]
2025-12-10 11:45:04 [https-jsse-nio-8443-exec-9] INFO  c.t.s.c.OnlinePaymentModeController - REST request to get active payment modes
2025-12-10 11:45:04 [https-jsse-nio-8443-exec-2] INFO  c.t.s.c.FeesManagerController - GET /api/fees-manager - page: 0, size: 100000
2025-12-10 11:45:04 [https-jsse-nio-8443-exec-10] INFO  c.t.s.s.AdmissionEnhancedService - Fetching active courses
2025-12-10 11:45:04 [https-jsse-nio-8443-exec-9] INFO  c.t.s.s.OnlinePaymentModeService - Fetching active payment modes
2025-12-10 11:45:08 [https-jsse-nio-8443-exec-7] INFO  c.t.s.c.FeesManagerController - GET /api/fees-manager/installments/REG8002
2025-12-10 11:45:08 [https-jsse-nio-8443-exec-8] INFO  c.t.s.c.FeesManagerController - GET /api/fees-manager/installments/REG8002
2025-12-10 11:46:11 [https-jsse-nio-8443-exec-12] INFO  c.t.s.c.FeesManagerController - POST /api/fees-manager/receipts - regNo: REG8002
2025-12-10 11:46:11 [https-jsse-nio-8443-exec-12] INFO  c.tts.sms.service.FeesManagerService -  Verified admission exists: KTM  Lover (REG8002)
2025-12-10 11:46:11 [https-jsse-nio-8443-exec-12] INFO  c.tts.sms.service.FeesManagerService -  Created fee receipt: REC0003 for regNo: REG8002
2025-12-10 11:46:11 [https-jsse-nio-8443-exec-12] INFO  c.tts.sms.service.FeesManagerService -  Updated fees: totalPaid=4667.0, feesDue=9333.0, status=Pending
2025-12-10 11:46:11 [https-jsse-nio-8443-exec-12] INFO  c.tts.sms.service.FeesManagerService -  Updated fees table for regNo: REG8002
2025-12-10 11:46:11 [https-jsse-nio-8443-exec-12] INFO  c.tts.sms.service.FeesManagerService -  Updated installment 5 to Paid
2025-12-10 11:46:11 [https-jsse-nio-8443-exec-12] INFO  c.tts.sms.service.FeesManagerService -  Updated installment: 5
2025-12-10 11:46:11 [https-jsse-nio-8443-exec-6] INFO  c.t.s.c.FeesManagerController - GET /api/fees-manager/receipts/REG8002
2025-12-10 11:46:11 [https-jsse-nio-8443-exec-6] INFO  c.tts.sms.service.FeesManagerService -  Found 1 receipts in fee_receipts table
2025-12-10 11:46:11 [https-jsse-nio-8443-exec-6] INFO  c.tts.sms.service.FeesManagerService - 📊 Total receipts: 1 (New: 1, Old: 0)
2025-12-10 11:46:11 [https-jsse-nio-8443-exec-9] INFO  c.t.s.c.FeesManagerController - PUT /api/fees-manager/update-total-paid - regNo: REG8002, totalPaid: 4667.0
2025-12-10 11:46:11 [https-jsse-nio-8443-exec-9] INFO  c.tts.sms.service.FeesManagerService -  Updated total paid for REG8002: ₹4667.0, Status: Pending
2025-12-10 11:46:11 [https-jsse-nio-8443-exec-2] INFO  c.t.s.c.FeesManagerController - GET /api/fees-manager - page: 0, size: 100000
2025-12-10 11:46:16 [https-jsse-nio-8443-exec-7] INFO  c.t.s.c.FeesManagerController - GET /api/fees-manager/receipts/REG8002
2025-12-10 11:46:16 [https-jsse-nio-8443-exec-7] INFO  c.tts.sms.service.FeesManagerService -  Found 1 receipts in fee_receipts table
2025-12-10 11:46:16 [https-jsse-nio-8443-exec-7] INFO  c.tts.sms.service.FeesManagerService - 📊 Total receipts: 1 (New: 1, Old: 0)
2025-12-10 11:46:32 [https-jsse-nio-8443-exec-12] INFO  c.t.s.c.FeesManagerController - GET /api/fees-manager/receipts/REG8002
2025-12-10 11:46:32 [https-jsse-nio-8443-exec-12] INFO  c.tts.sms.service.FeesManagerService -  Found 1 receipts in fee_receipts table
2025-12-10 11:46:32 [https-jsse-nio-8443-exec-12] INFO  c.tts.sms.service.FeesManagerService - 📊 Total receipts: 1 (New: 1, Old: 0)
2025-12-10 11:46:32 [https-jsse-nio-8443-exec-9] INFO  c.t.s.c.FeesManagerController - GET /api/fees-manager/installments/REG8002
2025-12-10 11:46:39 [https-jsse-nio-8443-exec-2] INFO  c.t.sms.controller.LayoutController - 🔑 Loading permissions for user: admin (Role: SUPER_ADMIN)
2025-12-10 11:46:39 [https-jsse-nio-8443-exec-2] INFO  c.t.sms.controller.LayoutController - 📋 Found 15 employee-specific permissions
2025-12-10 11:46:39 [https-jsse-nio-8443-exec-2] INFO  c.t.sms.controller.LayoutController - 👥 Found 15 role-based permissions
2025-12-10 11:46:39 [https-jsse-nio-8443-exec-2] INFO  c.t.sms.controller.LayoutController - ✅ User has access to 15 menus: [1, 2, 3, 4, 5, 6, 7, 8, 9, 10, 11, 12, 13, 14, 15]
2025-12-10 11:46:41 [https-jsse-nio-8443-exec-7] INFO  c.t.s.s.AdmissionEnhancedService - Fetching active packages with courses
2025-12-10 11:46:41 [https-jsse-nio-8443-exec-9] INFO  c.t.s.s.AdmissionEnhancedService - Fetching active courses
2025-12-10 11:46:41 [https-jsse-nio-8443-exec-11] INFO  c.tts.sms.service.AdmissionService - Retrieved 25 admissions out of 7023 total
2025-12-10 11:46:44 [https-jsse-nio-8443-exec-10] INFO  c.tts.sms.service.AdmissionService - Retrieved admission: KTM  Lover
2025-12-10 11:46:44 [https-jsse-nio-8443-exec-3] INFO  c.t.s.s.AdmissionEnhancedService - Fetching subjects for course: 1
2025-12-10 11:46:44 [https-jsse-nio-8443-exec-7] INFO  c.t.s.s.AdmissionEnhancedService - Fetching subjects for course: 2
2025-12-10 11:46:44 [https-jsse-nio-8443-exec-12] INFO  c.t.s.s.AdmissionEnhancedService - Fetching subjects for course: 3
2025-12-10 11:47:38 [https-jsse-nio-8443-exec-12] INFO  c.tts.sms.service.AdmissionService - Updated admission with id: 7024
2025-12-10 11:47:38 [https-jsse-nio-8443-exec-1] INFO  c.tts.sms.service.AdmissionService - Retrieved 25 admissions out of 7023 total
2025-12-10 12:37:45 [HikariPool-1 housekeeper] WARN  com.zaxxer.hikari.pool.HikariPool - HikariPool-1 - Thread starvation or clock leap detected (housekeeper delta=46m5s621ms746µs300ns).
2025-12-10 12:41:17 [https-jsse-nio-8443-exec-3] INFO  c.t.sms.controller.LayoutController - 🔑 Loading permissions for user: admin (Role: SUPER_ADMIN)
2025-12-10 12:41:17 [https-jsse-nio-8443-exec-3] INFO  c.t.sms.controller.LayoutController - 📋 Found 15 employee-specific permissions
2025-12-10 12:41:17 [https-jsse-nio-8443-exec-3] INFO  c.t.sms.controller.LayoutController - 👥 Found 15 role-based permissions
2025-12-10 12:41:17 [https-jsse-nio-8443-exec-3] INFO  c.t.sms.controller.LayoutController - ✅ User has access to 15 menus: [1, 2, 3, 4, 5, 6, 7, 8, 9, 10, 11, 12, 13, 14, 15]
2025-12-10 12:41:17 [https-jsse-nio-8443-exec-3] INFO  c.tts.sms.service.DashboardService -  Total Fees: New Students (REG*): ₹38917.0, Old Students: ₹7.0871346E7, Total: ₹7.0910263E7
2025-12-10 12:41:18 [https-jsse-nio-8443-exec-8] INFO  c.t.s.c.DashboardRestController - GET /api/dashboard/stats
2025-12-10 12:41:18 [https-jsse-nio-8443-exec-9] INFO  c.t.s.c.DashboardRestController - GET /api/dashboard/revenue-chart - period: 6M
2025-12-10 12:41:18 [https-jsse-nio-8443-exec-3] INFO  c.t.s.c.DashboardRestController - GET /api/dashboard/course-distribution
2025-12-10 12:41:18 [https-jsse-nio-8443-exec-9] INFO  c.tts.sms.service.DashboardService -  Revenue chart for 6M: 7 data points, Total: ₹6413417.0 (New: 2, Old: 805)
2025-12-10 12:41:19 [https-jsse-nio-8443-exec-3] INFO  c.tts.sms.service.DashboardService - Course distribution: 10 courses found
2025-12-10 12:41:19 [https-jsse-nio-8443-exec-8] INFO  c.tts.sms.service.DashboardService -  Total Fees: New Students (REG*): ₹38917.0, Old Students: ₹7.0871346E7, Total: ₹7.0910263E7
2025-12-10 12:41:24 [https-jsse-nio-8443-exec-1] INFO  c.t.sms.controller.LayoutController - 🔑 Loading permissions for user: admin (Role: SUPER_ADMIN)
2025-12-10 12:41:24 [https-jsse-nio-8443-exec-1] INFO  c.t.sms.controller.LayoutController - 📋 Found 15 employee-specific permissions
2025-12-10 12:41:24 [https-jsse-nio-8443-exec-1] INFO  c.t.sms.controller.LayoutController - 👥 Found 15 role-based permissions
2025-12-10 12:41:24 [https-jsse-nio-8443-exec-1] INFO  c.t.sms.controller.LayoutController - ✅ User has access to 15 menus: [1, 2, 3, 4, 5, 6, 7, 8, 9, 10, 11, 12, 13, 14, 15]
2025-12-10 12:41:24 [https-jsse-nio-8443-exec-8] INFO  c.t.s.c.OnlinePaymentModeController - REST request to get active payment modes
2025-12-10 12:41:24 [https-jsse-nio-8443-exec-8] INFO  c.t.s.s.OnlinePaymentModeService - Fetching active payment modes
2025-12-10 12:41:24 [https-jsse-nio-8443-exec-1] INFO  c.t.s.c.FeesManagerController - GET /api/fees-manager - page: 0, size: 100000
2025-12-10 12:41:24 [https-jsse-nio-8443-exec-10] INFO  c.t.s.s.AdmissionEnhancedService - Fetching active courses
2025-12-10 12:41:46 [https-jsse-nio-8443-exec-8] INFO  c.t.s.c.FeesManagerController - GET /api/fees-manager/receipts/REG8002
2025-12-10 12:41:46 [https-jsse-nio-8443-exec-8] INFO  c.tts.sms.service.FeesManagerService -  Found 1 receipts in fee_receipts table
2025-12-10 12:41:46 [https-jsse-nio-8443-exec-8] INFO  c.tts.sms.service.FeesManagerService - 📊 Total receipts: 1 (New: 1, Old: 0)
2025-12-10 12:41:53 [https-jsse-nio-8443-exec-6] INFO  c.t.s.c.FeesManagerController - GET /api/fees-manager/receipts/REG8002
2025-12-10 12:41:53 [https-jsse-nio-8443-exec-6] INFO  c.tts.sms.service.FeesManagerService -  Found 1 receipts in fee_receipts table
2025-12-10 12:41:53 [https-jsse-nio-8443-exec-6] INFO  c.tts.sms.service.FeesManagerService - 📊 Total receipts: 1 (New: 1, Old: 0)
2025-12-10 12:42:01 [https-jsse-nio-8443-exec-8] INFO  c.t.s.c.FeesManagerController - GET /api/fees-manager/installments/REG8002
2025-12-10 12:50:03 [https-jsse-nio-8443-exec-9] INFO  c.t.sms.controller.LayoutController - 🔑 Loading permissions for user: admin (Role: SUPER_ADMIN)
2025-12-10 12:50:03 [https-jsse-nio-8443-exec-9] INFO  c.t.sms.controller.LayoutController - 📋 Found 15 employee-specific permissions
2025-12-10 12:50:03 [https-jsse-nio-8443-exec-9] INFO  c.t.sms.controller.LayoutController - 👥 Found 15 role-based permissions
2025-12-10 12:50:03 [https-jsse-nio-8443-exec-9] INFO  c.t.sms.controller.LayoutController - ✅ User has access to 15 menus: [1, 2, 3, 4, 5, 6, 7, 8, 9, 10, 11, 12, 13, 14, 15]
2025-12-10 12:50:03 [https-jsse-nio-8443-exec-1] INFO  c.t.s.c.OnlinePaymentModeController - REST request to get active payment modes
2025-12-10 12:50:03 [https-jsse-nio-8443-exec-12] INFO  c.t.s.c.FeesManagerController - GET /api/fees-manager - page: 0, size: 100000
2025-12-10 12:50:03 [https-jsse-nio-8443-exec-1] INFO  c.t.s.s.OnlinePaymentModeService - Fetching active payment modes
2025-12-10 12:50:03 [https-jsse-nio-8443-exec-2] INFO  c.t.s.s.AdmissionEnhancedService - Fetching active courses
2025-12-10 12:50:07 [https-jsse-nio-8443-exec-11] INFO  c.t.s.c.FeesManagerController - GET /api/fees-manager/installments/REG8002
2025-12-10 12:50:24 [https-jsse-nio-8443-exec-10] INFO  c.t.sms.controller.LayoutController - 🔑 Loading permissions for user: admin (Role: SUPER_ADMIN)
2025-12-10 12:50:24 [https-jsse-nio-8443-exec-10] INFO  c.t.sms.controller.LayoutController - 📋 Found 15 employee-specific permissions
2025-12-10 12:50:24 [https-jsse-nio-8443-exec-10] INFO  c.t.sms.controller.LayoutController - 👥 Found 15 role-based permissions
2025-12-10 12:50:24 [https-jsse-nio-8443-exec-10] INFO  c.t.sms.controller.LayoutController - ✅ User has access to 15 menus: [1, 2, 3, 4, 5, 6, 7, 8, 9, 10, 11, 12, 13, 14, 15]
2025-12-10 12:50:24 [https-jsse-nio-8443-exec-7] INFO  c.t.s.c.FeesManagerController - GET /api/fees-manager - page: 0, size: 100000
2025-12-10 12:50:24 [https-jsse-nio-8443-exec-6] INFO  c.t.s.c.OnlinePaymentModeController - REST request to get active payment modes
2025-12-10 12:50:24 [https-jsse-nio-8443-exec-6] INFO  c.t.s.s.OnlinePaymentModeService - Fetching active payment modes
2025-12-10 12:50:24 [https-jsse-nio-8443-exec-8] INFO  c.t.s.s.AdmissionEnhancedService - Fetching active courses
2025-12-10 12:50:44 [https-jsse-nio-8443-exec-10] INFO  c.t.sms.controller.LayoutController - 🔑 Loading permissions for user: admin (Role: SUPER_ADMIN)
2025-12-10 12:50:44 [https-jsse-nio-8443-exec-10] INFO  c.t.sms.controller.LayoutController - 📋 Found 15 employee-specific permissions
2025-12-10 12:50:44 [https-jsse-nio-8443-exec-10] INFO  c.t.sms.controller.LayoutController - 👥 Found 15 role-based permissions
2025-12-10 12:50:44 [https-jsse-nio-8443-exec-10] INFO  c.t.sms.controller.LayoutController - ✅ User has access to 15 menus: [1, 2, 3, 4, 5, 6, 7, 8, 9, 10, 11, 12, 13, 14, 15]
2025-12-10 12:50:51 [https-jsse-nio-8443-exec-10] INFO  c.t.sms.controller.LayoutController - 🔑 Loading permissions for user: admin (Role: SUPER_ADMIN)
2025-12-10 12:50:51 [https-jsse-nio-8443-exec-10] INFO  c.t.sms.controller.LayoutController - 📋 Found 15 employee-specific permissions
2025-12-10 12:50:51 [https-jsse-nio-8443-exec-10] INFO  c.t.sms.controller.LayoutController - 👥 Found 15 role-based permissions
2025-12-10 12:50:51 [https-jsse-nio-8443-exec-10] INFO  c.t.sms.controller.LayoutController - ✅ User has access to 15 menus: [1, 2, 3, 4, 5, 6, 7, 8, 9, 10, 11, 12, 13, 14, 15]
2025-12-10 12:50:54 [https-jsse-nio-8443-exec-12] INFO  c.t.sms.controller.LayoutController - 🔑 Loading permissions for user: admin (Role: SUPER_ADMIN)
2025-12-10 12:50:54 [https-jsse-nio-8443-exec-12] INFO  c.t.sms.controller.LayoutController - 📋 Found 15 employee-specific permissions
2025-12-10 12:50:54 [https-jsse-nio-8443-exec-12] INFO  c.t.sms.controller.LayoutController - 👥 Found 15 role-based permissions
2025-12-10 12:50:54 [https-jsse-nio-8443-exec-12] INFO  c.t.sms.controller.LayoutController - ✅ User has access to 15 menus: [1, 2, 3, 4, 5, 6, 7, 8, 9, 10, 11, 12, 13, 14, 15]
2025-12-10 12:54:13 [https-jsse-nio-8443-exec-8] INFO  c.t.sms.controller.LayoutController - 🔑 Loading permissions for user: admin (Role: SUPER_ADMIN)
2025-12-10 12:54:13 [https-jsse-nio-8443-exec-8] INFO  c.t.sms.controller.LayoutController - 📋 Found 15 employee-specific permissions
2025-12-10 12:54:13 [https-jsse-nio-8443-exec-8] INFO  c.t.sms.controller.LayoutController - 👥 Found 15 role-based permissions
2025-12-10 12:54:13 [https-jsse-nio-8443-exec-8] INFO  c.t.sms.controller.LayoutController - ✅ User has access to 15 menus: [1, 2, 3, 4, 5, 6, 7, 8, 9, 10, 11, 12, 13, 14, 15]
2025-12-10 12:54:29 [https-jsse-nio-8443-exec-3] INFO  c.t.sms.controller.LayoutController - 🔑 Loading permissions for user: admin (Role: SUPER_ADMIN)
2025-12-10 12:54:29 [https-jsse-nio-8443-exec-3] INFO  c.t.sms.controller.LayoutController - 📋 Found 15 employee-specific permissions
2025-12-10 12:54:29 [https-jsse-nio-8443-exec-3] INFO  c.t.sms.controller.LayoutController - 👥 Found 15 role-based permissions
2025-12-10 12:54:29 [https-jsse-nio-8443-exec-3] INFO  c.t.sms.controller.LayoutController - ✅ User has access to 15 menus: [1, 2, 3, 4, 5, 6, 7, 8, 9, 10, 11, 12, 13, 14, 15]
2025-12-10 12:55:49 [https-jsse-nio-8443-exec-6] INFO  c.t.sms.controller.LayoutController - 🔑 Loading permissions for user: admin (Role: SUPER_ADMIN)
2025-12-10 12:55:49 [https-jsse-nio-8443-exec-6] INFO  c.t.sms.controller.LayoutController - 📋 Found 15 employee-specific permissions
2025-12-10 12:55:49 [https-jsse-nio-8443-exec-6] INFO  c.t.sms.controller.LayoutController - 👥 Found 15 role-based permissions
2025-12-10 12:55:49 [https-jsse-nio-8443-exec-6] INFO  c.t.sms.controller.LayoutController - ✅ User has access to 15 menus: [1, 2, 3, 4, 5, 6, 7, 8, 9, 10, 11, 12, 13, 14, 15]
2025-12-10 12:56:08 [SpringApplicationShutdownHook] INFO  o.s.o.j.LocalContainerEntityManagerFactoryBean - Closing JPA EntityManagerFactory for persistence unit 'default'
2025-12-10 12:58:20 [main] INFO  com.tts.sms.SmsApplicationTests - Starting SmsApplicationTests using Java 22.0.2 with PID 3096 (started by KUNAL in D:\tts-sms\sms)
2025-12-10 12:58:20 [main] INFO  com.tts.sms.SmsApplicationTests - The following 1 profile is active: "prod"
2025-12-10 12:58:24 [main] INFO  o.s.d.r.c.RepositoryConfigurationDelegate - Bootstrapping Spring Data JPA repositories in DEFAULT mode.
2025-12-10 12:58:25 [main] INFO  o.s.d.r.c.RepositoryConfigurationDelegate - Finished Spring Data repository scanning in 395 ms. Found 23 JPA repository interfaces.
2025-12-10 12:58:31 [main] WARN  org.hibernate.orm.deprecation - HHH90000025: MariaDB103Dialect does not need to be specified explicitly using 'hibernate.dialect' (remove the property setting and it will be selected by default)
2025-12-10 12:58:31 [main] WARN  org.hibernate.orm.deprecation - HHH90000026: MariaDB103Dialect has been deprecated; use org.hibernate.dialect.MariaDBDialect instead
2025-12-10 12:58:31 [main] INFO  o.s.o.j.p.SpringPersistenceUnitInfo - No LoadTimeWeaver setup: ignoring JPA class transformer
2025-12-10 12:58:42 [main] INFO  o.s.o.j.LocalContainerEntityManagerFactoryBean - Initialized JPA EntityManagerFactory for persistence unit 'default'
2025-12-10 12:58:42 [main] INFO  c.tts.sms.config.ApplicationConfig - ===========================================
2025-12-10 12:58:42 [main] INFO  c.tts.sms.config.ApplicationConfig - Database Configuration:
2025-12-10 12:58:42 [main] INFO  c.tts.sms.config.ApplicationConfig - - Auto-create enabled: createDatabaseIfNotExist=true
2025-12-10 12:58:42 [main] INFO  c.tts.sms.config.ApplicationConfig - - Timezone: Asia/Kolkata (IST)
2025-12-10 12:58:42 [main] INFO  c.tts.sms.config.ApplicationConfig - - DDL Auto: update (will create tables automatically)
2025-12-10 12:58:42 [main] INFO  c.tts.sms.config.ApplicationConfig - ===========================================
2025-12-10 12:58:42 [main] INFO  c.tts.sms.config.ApplicationConfig - Application timezone set to: Asia/Kolkata (India Standard Time)
2025-12-10 12:58:42 [main] INFO  c.tts.sms.config.ApplicationConfig - Current time in IST: 2025-12-10T12:58:42.583168400+05:30[Asia/Kolkata]
2025-12-10 12:58:43 [main] INFO  o.s.d.j.r.query.QueryEnhancerFactory - Hibernate is in classpath; If applicable, HQL parser will be used.
2025-12-10 12:58:48 [main] INFO  com.tts.sms.config.WebConfig - 🔒 HTTPS/SSL is ENABLED - Production mode
2025-12-10 12:58:52 [main] INFO  c.tts.sms.service.FileStorageService - 📏 Max file size: 5242880 bytes (5MB)
2025-12-10 12:58:52 [main] INFO  c.tts.sms.service.FileStorageService - 📝 Allowed extensions: [jpg, jpeg, png, gif, webp]
2025-12-10 12:58:53 [main] INFO  c.t.s.c.ContentNegotiationConfig - 🔧 Configuring Content Negotiation for HTTPS Production
2025-12-10 12:58:53 [main] INFO  c.t.s.c.ContentNegotiationConfig - ✅ Content Negotiation configured for HTTPS production
2025-12-10 12:58:53 [main] INFO  com.tts.sms.config.SecurityConfig - Configuring security with FULL CSRF protection…
2025-12-10 12:58:53 [main] INFO  com.tts.sms.config.SecurityConfig - Configuring CORS with allowed origins: https://team.ttsnashik.com,https://www.ttsnashik.com
2025-12-10 12:58:53 [main] INFO  c.t.s.c.ContentNegotiationConfig - ✅ Path matching configured for production
2025-12-10 12:58:53 [main] INFO  c.t.sms.config.SecurityHeadersConfig - ✅ Security headers interceptor registered (SSL: true)
2025-12-10 12:58:53 [main] INFO  com.tts.sms.config.WebConfig - 🌐 Configuring CORS for production
2025-12-10 12:58:53 [main] INFO  com.tts.sms.config.WebConfig -  CORS configured for /api/** endpoints
2025-12-10 12:58:54 [main] INFO  com.tts.sms.config.WebConfig - 📦 Configuring resource handlers for HTTPS production
2025-12-10 12:58:54 [main] INFO  com.tts.sms.config.WebConfig -  Resource handlers configured with Google Analytics support
2025-12-10 12:58:54 [main] INFO  com.tts.sms.config.WebConfig -  Resource handlers configured for production
2025-12-10 12:58:54 [main] INFO  com.tts.sms.config.WebConfig -  Course images: D:\tts-sms\sms\.\uploads\courses
2025-12-10 12:58:54 [main] INFO  com.tts.sms.config.WebConfig -  CSV uploads: D:\tts-sms\sms\.\uploads\csv
2025-12-10 12:58:54 [main] INFO  o.s.s.w.a.c.ChannelProcessingFilter - Validated configuration attributes
2025-12-10 12:58:54 [main] INFO  o.s.s.web.DefaultSecurityFilterChain - Will secure any request with [org.springframework.security.web.session.DisableEncodeUrlFilter@4d43e058, org.springframework.security.web.access.channel.ChannelProcessingFilter@7c6fc4d0, org.springframework.security.web.context.request.async.WebAsyncManagerIntegrationFilter@2f5ebba, org.springframework.security.web.context.SecurityContextHolderFilter@4a91c071, org.springframework.security.web.header.HeaderWriterFilter@4a05adf4, org.springframework.web.filter.CorsFilter@7476a4b5, org.springframework.security.web.csrf.CsrfFilter@29185de6, org.springframework.security.web.authentication.logout.LogoutFilter@15fccc13, org.springframework.security.web.authentication.UsernamePasswordAuthenticationFilter@b6fb919, org.springframework.security.web.savedrequest.RequestCacheAwareFilter@2c564b16, org.springframework.security.web.servletapi.SecurityContextHolderAwareRequestFilter@3d37c38d, org.springframework.security.web.authentication.AnonymousAuthenticationFilter@7c571f9a, org.springframework.security.web.session.SessionManagementFilter@2d1ace67, org.springframework.security.web.access.ExceptionTranslationFilter@1c650d81, org.springframework.security.web.access.intercept.AuthorizationFilter@4d705b45]
2025-12-10 12:58:55 [main] INFO  com.tts.sms.config.WebConfig - 🔧 Configuring MIME type mappings for production
2025-12-10 12:58:55 [main] INFO  com.tts.sms.config.WebConfig -  MIME type mappings configured for production with UTF-8
2025-12-10 12:58:56 [main] INFO  com.tts.sms.SmsApplicationTests - Started SmsApplicationTests in 36.739 seconds (process running for 41.156)
2025-12-10 12:58:56 [main] INFO  com.tts.sms.config.CourseDataLoader - ✅ Courses already exist in database. Skipping data initialization.
2025-12-10 12:58:56 [main] INFO  c.t.sms.config.LeadSourceDataLoader - Lead source data already exists. Skipping default data load.
2025-12-10 12:58:56 [main] INFO  com.tts.sms.config.BankDataLoader - Bank data already exists. Skipping default data load.
2025-12-10 12:58:56 [main] INFO  com.tts.sms.config.DataLoader -  Super Admin already exists
2025-12-10 12:58:56 [main] INFO  com.tts.sms.config.UserDataLoader - ✅ Default admin user already exists
2025-12-10 12:58:58 [SpringApplicationShutdownHook] INFO  com.tts.sms.SmsApplication - 
================================================================================
2025-12-10 12:58:58 [SpringApplicationShutdownHook] INFO  com.tts.sms.SmsApplication -    🛑 TechnoKraft CRM - Shutting down gracefully...
2025-12-10 12:58:58 [SpringApplicationShutdownHook] INFO  com.tts.sms.SmsApplication -    Stopped at: 2025-12-10 12:58:58
2025-12-10 12:58:58 [SpringApplicationShutdownHook] INFO  com.tts.sms.SmsApplication - ================================================================================

2025-12-10 12:58:58 [SpringApplicationShutdownHook] INFO  o.s.o.j.LocalContainerEntityManagerFactoryBean - Closing JPA EntityManagerFactory for persistence unit 'default'
